Timing Analyzer report for Proj_quartus
Tue Jun  9 16:19:50 2026
Quartus Prime Version 21.1.1 Build 850 06/23/2022 SJ Lite Edition


---------------------
; Table of Contents ;
---------------------
  1. Legal Notice
  2. Timing Analyzer Summary
  3. Parallel Compilation
  4. Clocks
  5. Slow 1200mV 85C Model Fmax Summary
  6. Timing Closure Recommendations
  7. Slow 1200mV 85C Model Setup Summary
  8. Slow 1200mV 85C Model Hold Summary
  9. Slow 1200mV 85C Model Recovery Summary
 10. Slow 1200mV 85C Model Removal Summary
 11. Slow 1200mV 85C Model Minimum Pulse Width Summary
 12. Slow 1200mV 85C Model Setup: 'clk'
 13. Slow 1200mV 85C Model Hold: 'clk'
 14. Slow 1200mV 85C Model Recovery: 'clk'
 15. Slow 1200mV 85C Model Removal: 'clk'
 16. Slow 1200mV 85C Model Metastability Summary
 17. Slow 1200mV 0C Model Fmax Summary
 18. Slow 1200mV 0C Model Setup Summary
 19. Slow 1200mV 0C Model Hold Summary
 20. Slow 1200mV 0C Model Recovery Summary
 21. Slow 1200mV 0C Model Removal Summary
 22. Slow 1200mV 0C Model Minimum Pulse Width Summary
 23. Slow 1200mV 0C Model Setup: 'clk'
 24. Slow 1200mV 0C Model Hold: 'clk'
 25. Slow 1200mV 0C Model Recovery: 'clk'
 26. Slow 1200mV 0C Model Removal: 'clk'
 27. Slow 1200mV 0C Model Metastability Summary
 28. Fast 1200mV 0C Model Setup Summary
 29. Fast 1200mV 0C Model Hold Summary
 30. Fast 1200mV 0C Model Recovery Summary
 31. Fast 1200mV 0C Model Removal Summary
 32. Fast 1200mV 0C Model Minimum Pulse Width Summary
 33. Fast 1200mV 0C Model Setup: 'clk'
 34. Fast 1200mV 0C Model Hold: 'clk'
 35. Fast 1200mV 0C Model Recovery: 'clk'
 36. Fast 1200mV 0C Model Removal: 'clk'
 37. Fast 1200mV 0C Model Metastability Summary
 38. Multicorner Timing Analysis Summary
 39. Board Trace Model Assignments
 40. Input Transition Times
 41. Signal Integrity Metrics (Slow 1200mv 0c Model)
 42. Signal Integrity Metrics (Slow 1200mv 85c Model)
 43. Signal Integrity Metrics (Fast 1200mv 0c Model)
 44. Setup Transfers
 45. Hold Transfers
 46. Recovery Transfers
 47. Removal Transfers
 48. Report TCCS
 49. Report RSKM
 50. Unconstrained Paths Summary
 51. Clock Status Summary
 52. Unconstrained Input Ports
 53. Unconstrained Output Ports
 54. Unconstrained Input Ports
 55. Unconstrained Output Ports
 56. Timing Analyzer Messages



----------------
; Legal Notice ;
----------------
Copyright (C) 2022  Intel Corporation. All rights reserved.
Your use of Intel Corporation's design tools, logic functions 
and other software and tools, and any partner logic 
functions, and any output files from any of the foregoing 
(including device programming or simulation files), and any 
associated documentation or information are expressly subject 
to the terms and conditions of the Intel Program License 
Subscription Agreement, the Intel Quartus Prime License Agreement,
the Intel FPGA IP License Agreement, or other applicable license
agreement, including, without limitation, that your use is for
the sole purpose of programming logic devices manufactured by
Intel and sold by Intel or its authorized distributors.  Please
refer to the applicable agreement for further details, at
https://fpgasoftware.intel.com/eula.



+-----------------------------------------------------------------------------+
; Timing Analyzer Summary                                                     ;
+-----------------------+-----------------------------------------------------+
; Quartus Prime Version ; Version 21.1.1 Build 850 06/23/2022 SJ Lite Edition ;
; Timing Analyzer       ; Legacy Timing Analyzer                              ;
; Revision Name         ; Proj_quartus                                        ;
; Device Family         ; Cyclone IV E                                        ;
; Device Name           ; EP4CE115F29C7                                       ;
; Timing Models         ; Final                                               ;
; Delay Model           ; Combined                                            ;
; Rise/Fall Delays      ; Enabled                                             ;
+-----------------------+-----------------------------------------------------+


+------------------------------------------+
; Parallel Compilation                     ;
+----------------------------+-------------+
; Processors                 ; Number      ;
+----------------------------+-------------+
; Number detected on machine ; 16          ;
; Maximum allowed            ; 16          ;
;                            ;             ;
; Average used               ; 1.40        ;
; Maximum used               ; 16          ;
;                            ;             ;
; Usage by Processor         ; % Time Used ;
;     Processor 1            ; 100.0%      ;
;     Processor 2            ;   6.7%      ;
;     Processor 3            ;   4.7%      ;
;     Processors 4-16        ;   2.2%      ;
+----------------------------+-------------+


+---------------------------------------------------------------------------------------------------------------------------------------------------------------------------------+
; Clocks                                                                                                                                                                          ;
+------------+------+--------+------------+-------+-------+------------+-----------+-------------+-------+--------+-----------+------------+----------+--------+--------+---------+
; Clock Name ; Type ; Period ; Frequency  ; Rise  ; Fall  ; Duty Cycle ; Divide by ; Multiply by ; Phase ; Offset ; Edge List ; Edge Shift ; Inverted ; Master ; Source ; Targets ;
+------------+------+--------+------------+-------+-------+------------+-----------+-------------+-------+--------+-----------+------------+----------+--------+--------+---------+
; clk        ; Base ; 1.000  ; 1000.0 MHz ; 0.000 ; 0.500 ;            ;           ;             ;       ;        ;           ;            ;          ;        ;        ; { clk } ;
+------------+------+--------+------------+-------+-------+------------+-----------+-------------+-------+--------+-----------+------------+----------+--------+--------+---------+


+--------------------------------------------------+
; Slow 1200mV 85C Model Fmax Summary               ;
+------------+-----------------+------------+------+
; Fmax       ; Restricted Fmax ; Clock Name ; Note ;
+------------+-----------------+------------+------+
; 161.45 MHz ; 161.45 MHz      ; clk        ;      ;
+------------+-----------------+------------+------+
This panel reports FMAX for every clock in the design, regardless of the user-specified clock periods.  FMAX is only computed for paths where the source and destination registers or ports are driven by the same clock.  Paths of different clocks, including generated clocks, are ignored.  For paths between a clock and its inversion, FMAX is computed as if the rising and falling edges are scaled along with FMAX, such that the duty cycle (in terms of a percentage) is maintained. Altera recommends that you always use clock constraints and other slack reports for sign-off analysis.


----------------------------------
; Timing Closure Recommendations ;
----------------------------------
HTML report is unavailable in plain text report export.


+-------------------------------------+
; Slow 1200mV 85C Model Setup Summary ;
+-------+--------+--------------------+
; Clock ; Slack  ; End Point TNS      ;
+-------+--------+--------------------+
; clk   ; -5.194 ; -1428.549          ;
+-------+--------+--------------------+


+------------------------------------+
; Slow 1200mV 85C Model Hold Summary ;
+-------+-------+--------------------+
; Clock ; Slack ; End Point TNS      ;
+-------+-------+--------------------+
; clk   ; 0.365 ; 0.000              ;
+-------+-------+--------------------+


+----------------------------------------+
; Slow 1200mV 85C Model Recovery Summary ;
+-------+--------+-----------------------+
; Clock ; Slack  ; End Point TNS         ;
+-------+--------+-----------------------+
; clk   ; -3.870 ; -670.722              ;
+-------+--------+-----------------------+


+---------------------------------------+
; Slow 1200mV 85C Model Removal Summary ;
+-------+-------+-----------------------+
; Clock ; Slack ; End Point TNS         ;
+-------+-------+-----------------------+
; clk   ; 3.586 ; 0.000                 ;
+-------+-------+-----------------------+


+---------------------------------------------------+
; Slow 1200mV 85C Model Minimum Pulse Width Summary ;
+-------+--------+----------------------------------+
; Clock ; Slack  ; End Point TNS                    ;
+-------+--------+----------------------------------+
; clk   ; -3.000 ; -641.270                         ;
+-------+--------+----------------------------------+


+-------------------------------------------------------------------------------------------------------------------------------------+
; Slow 1200mV 85C Model Setup: 'clk'                                                                                                  ;
+--------+---------------------------+--------------------------+--------------+-------------+--------------+------------+------------+
; Slack  ; From Node                 ; To Node                  ; Launch Clock ; Latch Clock ; Relationship ; Clock Skew ; Data Delay ;
+--------+---------------------------+--------------------------+--------------+-------------+--------------+------------+------------+
; -5.194 ; immediate_extended[4]     ; alu_value2[7]            ; clk          ; clk         ; 1.000        ; 0.061      ; 6.031      ;
; -5.134 ; immediate_extended[3]     ; alu_value2[15]           ; clk          ; clk         ; 1.000        ; 0.061      ; 5.971      ;
; -5.110 ; mem_read_addr_1[0]        ; alu_value1[5]            ; clk          ; clk         ; 1.000        ; 0.057      ; 5.943      ;
; -5.047 ; immediate_extended[3]     ; alu_value2[7]            ; clk          ; clk         ; 1.000        ; 0.061      ; 5.884      ;
; -5.018 ; immediate_extended[4]     ; alu_value2[3]            ; clk          ; clk         ; 1.000        ; 0.061      ; 5.855      ;
; -4.962 ; immediate_extended[6]     ; alu_value2[4]            ; clk          ; clk         ; 1.000        ; 0.085      ; 5.823      ;
; -4.956 ; mem_read_addr_1[0]        ; alu_value1[11]           ; clk          ; clk         ; 1.000        ; 0.057      ; 5.789      ;
; -4.944 ; immediate_extended[4]     ; alu_value2[13]           ; clk          ; clk         ; 1.000        ; 0.061      ; 5.781      ;
; -4.911 ; immediate_extended[3]     ; alu_value2[13]           ; clk          ; clk         ; 1.000        ; 0.061      ; 5.748      ;
; -4.910 ; mem_read_addr_1[3]        ; alu_value1[2]            ; clk          ; clk         ; 1.000        ; 0.085      ; 5.771      ;
; -4.895 ; mem_read_addr_1[2]        ; alu_value1[2]            ; clk          ; clk         ; 1.000        ; 0.085      ; 5.756      ;
; -4.887 ; memory:MEMORY|ram[9][5]   ; alu_value2[5]            ; clk          ; clk         ; 1.000        ; 0.060      ; 5.723      ;
; -4.864 ; memory:MEMORY|ram[10][10] ; alu_value2[10]           ; clk          ; clk         ; 1.000        ; 0.094      ; 5.734      ;
; -4.861 ; immediate_extended[5]     ; alu_value2[5]            ; clk          ; clk         ; 1.000        ; 0.085      ; 5.722      ;
; -4.848 ; immediate_extended[5]     ; alu_value2[4]            ; clk          ; clk         ; 1.000        ; 0.085      ; 5.709      ;
; -4.847 ; immediate_extended[3]     ; alu_value2[11]           ; clk          ; clk         ; 1.000        ; 0.061      ; 5.684      ;
; -4.819 ; memory:MEMORY|ram[4][15]  ; alu_value2[15]           ; clk          ; clk         ; 1.000        ; 0.100      ; 5.695      ;
; -4.813 ; immediate_extended[3]     ; alu_value2[3]            ; clk          ; clk         ; 1.000        ; 0.061      ; 5.650      ;
; -4.804 ; immediate_extended[4]     ; alu_value2[15]           ; clk          ; clk         ; 1.000        ; 0.061      ; 5.641      ;
; -4.800 ; memory:MEMORY|ram[8][3]   ; alu_value2[3]            ; clk          ; clk         ; 1.000        ; 0.062      ; 5.638      ;
; -4.796 ; immediate_extended[6]     ; alu_value2[6]            ; clk          ; clk         ; 1.000        ; 0.085      ; 5.657      ;
; -4.782 ; immediate_extended[4]     ; alu_value2[14]           ; clk          ; clk         ; 1.000        ; 0.061      ; 5.619      ;
; -4.762 ; memory:MEMORY|ram[0][7]   ; alu_value1[7]            ; clk          ; clk         ; 1.000        ; 0.059      ; 5.597      ;
; -4.760 ; mem_read_addr_1[1]        ; alu_value1[5]            ; clk          ; clk         ; 1.000        ; 0.057      ; 5.593      ;
; -4.750 ; mem_read_addr_1[1]        ; alu_value1[7]            ; clk          ; clk         ; 1.000        ; 0.057      ; 5.583      ;
; -4.731 ; memory:MEMORY|ram[15][15] ; alu_value2[15]           ; clk          ; clk         ; 1.000        ; 0.042      ; 5.549      ;
; -4.731 ; memory:MEMORY|ram[3][7]   ; alu_value2[7]            ; clk          ; clk         ; 1.000        ; 0.098      ; 5.605      ;
; -4.724 ; memory:MEMORY|ram[0][7]   ; alu_value2[7]            ; clk          ; clk         ; 1.000        ; 0.059      ; 5.559      ;
; -4.721 ; mem_read_addr_1[3]        ; alu_value1[10]           ; clk          ; clk         ; 1.000        ; 0.085      ; 5.582      ;
; -4.690 ; mem_read_addr_1[1]        ; alu_value1[11]           ; clk          ; clk         ; 1.000        ; 0.057      ; 5.523      ;
; -4.683 ; memory:MEMORY|ram[3][13]  ; alu_value2[13]           ; clk          ; clk         ; 1.000        ; 0.098      ; 5.557      ;
; -4.677 ; immediate_extended[5]     ; alu_value2[14]           ; clk          ; clk         ; 1.000        ; 0.085      ; 5.538      ;
; -4.676 ; memory:MEMORY|ram[1][7]   ; alu_value1[7]            ; clk          ; clk         ; 1.000        ; 0.061      ; 5.513      ;
; -4.675 ; immediate_extended[6]     ; alu_value2[0]            ; clk          ; clk         ; 1.000        ; 0.085      ; 5.536      ;
; -4.669 ; memory:MEMORY|ram[4][7]   ; alu_value2[7]            ; clk          ; clk         ; 1.000        ; 0.097      ; 5.542      ;
; -4.657 ; immediate_extended[4]     ; alu_value2[1]            ; clk          ; clk         ; 1.000        ; 0.061      ; 5.494      ;
; -4.652 ; mem_write_addr[3]         ; memory:MEMORY|ram[8][6]  ; clk          ; clk         ; 1.000        ; -0.480     ; 5.170      ;
; -4.652 ; mem_write_addr[3]         ; memory:MEMORY|ram[8][5]  ; clk          ; clk         ; 1.000        ; -0.480     ; 5.170      ;
; -4.652 ; mem_write_addr[3]         ; memory:MEMORY|ram[8][2]  ; clk          ; clk         ; 1.000        ; -0.480     ; 5.170      ;
; -4.652 ; mem_write_addr[3]         ; memory:MEMORY|ram[8][4]  ; clk          ; clk         ; 1.000        ; -0.480     ; 5.170      ;
; -4.652 ; mem_write_addr[3]         ; memory:MEMORY|ram[8][7]  ; clk          ; clk         ; 1.000        ; -0.480     ; 5.170      ;
; -4.652 ; mem_write_addr[3]         ; memory:MEMORY|ram[8][8]  ; clk          ; clk         ; 1.000        ; -0.480     ; 5.170      ;
; -4.630 ; memory:MEMORY|ram[8][2]   ; alu_value1[2]            ; clk          ; clk         ; 1.000        ; 0.058      ; 5.464      ;
; -4.624 ; mem_read_addr_1[0]        ; alu_value1[1]            ; clk          ; clk         ; 1.000        ; 0.057      ; 5.457      ;
; -4.623 ; mem_read_addr_1[0]        ; alu_value1[3]            ; clk          ; clk         ; 1.000        ; 0.057      ; 5.456      ;
; -4.619 ; memory:MEMORY|ram[10][5]  ; alu_value2[5]            ; clk          ; clk         ; 1.000        ; 0.056      ; 5.451      ;
; -4.613 ; immediate_extended[4]     ; alu_value2[5]            ; clk          ; clk         ; 1.000        ; 0.061      ; 5.450      ;
; -4.601 ; mem_read_addr_1[0]        ; alu_value1[15]           ; clk          ; clk         ; 1.000        ; 0.057      ; 5.434      ;
; -4.596 ; mem_read_addr_1[0]        ; alu_value1[7]            ; clk          ; clk         ; 1.000        ; 0.057      ; 5.429      ;
; -4.594 ; mem_read_addr_1[3]        ; alu_value1[8]            ; clk          ; clk         ; 1.000        ; 0.085      ; 5.455      ;
; -4.592 ; immediate_extended[6]     ; alu_value2[2]            ; clk          ; clk         ; 1.000        ; 0.085      ; 5.453      ;
; -4.590 ; memory:MEMORY|ram[10][2]  ; alu_value1[2]            ; clk          ; clk         ; 1.000        ; 0.094      ; 5.460      ;
; -4.589 ; memory:MEMORY|ram[4][3]   ; alu_value2[3]            ; clk          ; clk         ; 1.000        ; 0.097      ; 5.462      ;
; -4.573 ; immediate_extended[4]     ; alu_value2[10]           ; clk          ; clk         ; 1.000        ; 0.061      ; 5.410      ;
; -4.568 ; immediate_extended[5]     ; alu_value2[6]            ; clk          ; clk         ; 1.000        ; 0.085      ; 5.429      ;
; -4.564 ; mem_write_addr[3]         ; memory:MEMORY|ram[8][1]  ; clk          ; clk         ; 1.000        ; -0.484     ; 5.078      ;
; -4.564 ; mem_write_addr[3]         ; memory:MEMORY|ram[8][15] ; clk          ; clk         ; 1.000        ; -0.484     ; 5.078      ;
; -4.564 ; mem_write_addr[3]         ; memory:MEMORY|ram[8][3]  ; clk          ; clk         ; 1.000        ; -0.484     ; 5.078      ;
; -4.564 ; mem_write_addr[3]         ; memory:MEMORY|ram[8][10] ; clk          ; clk         ; 1.000        ; -0.484     ; 5.078      ;
; -4.564 ; mem_write_addr[3]         ; memory:MEMORY|ram[8][11] ; clk          ; clk         ; 1.000        ; -0.484     ; 5.078      ;
; -4.564 ; mem_write_addr[3]         ; memory:MEMORY|ram[8][13] ; clk          ; clk         ; 1.000        ; -0.484     ; 5.078      ;
; -4.564 ; mem_write_addr[3]         ; memory:MEMORY|ram[8][14] ; clk          ; clk         ; 1.000        ; -0.484     ; 5.078      ;
; -4.561 ; memory:MEMORY|ram[1][2]   ; alu_value1[2]            ; clk          ; clk         ; 1.000        ; 0.094      ; 5.431      ;
; -4.557 ; immediate_extended[5]     ; alu_value2[8]            ; clk          ; clk         ; 1.000        ; 0.085      ; 5.418      ;
; -4.553 ; memory:MEMORY|ram[0][3]   ; alu_value2[3]            ; clk          ; clk         ; 1.000        ; 0.059      ; 5.388      ;
; -4.553 ; mem_read_addr_1[1]        ; alu_value1[1]            ; clk          ; clk         ; 1.000        ; 0.057      ; 5.386      ;
; -4.552 ; immediate_extended[6]     ; alu_value2[14]           ; clk          ; clk         ; 1.000        ; 0.085      ; 5.413      ;
; -4.540 ; memory:MEMORY|ram[1][7]   ; alu_value2[7]            ; clk          ; clk         ; 1.000        ; 0.061      ; 5.377      ;
; -4.530 ; memory:MEMORY|ram[10][5]  ; alu_value1[5]            ; clk          ; clk         ; 1.000        ; 0.056      ; 5.362      ;
; -4.530 ; memory:MEMORY|ram[4][11]  ; alu_value2[11]           ; clk          ; clk         ; 1.000        ; 0.100      ; 5.406      ;
; -4.528 ; memory:MEMORY|ram[5][2]   ; alu_value1[2]            ; clk          ; clk         ; 1.000        ; 0.094      ; 5.398      ;
; -4.512 ; immediate_extended[4]     ; alu_value2[11]           ; clk          ; clk         ; 1.000        ; 0.061      ; 5.349      ;
; -4.512 ; memory:MEMORY|ram[14][2]  ; alu_value1[2]            ; clk          ; clk         ; 1.000        ; 0.094      ; 5.382      ;
; -4.505 ; mem_read_addr_1[2]        ; alu_value1[8]            ; clk          ; clk         ; 1.000        ; 0.085      ; 5.366      ;
; -4.503 ; immediate_extended[4]     ; alu_value2[9]            ; clk          ; clk         ; 1.000        ; 0.061      ; 5.340      ;
; -4.502 ; memory:MEMORY|ram[12][6]  ; alu_value2[6]            ; clk          ; clk         ; 1.000        ; 0.058      ; 5.336      ;
; -4.498 ; mem_read_addr_1[2]        ; alu_value1[10]           ; clk          ; clk         ; 1.000        ; 0.085      ; 5.359      ;
; -4.493 ; mem_write_addr[3]         ; memory:MEMORY|ram[0][15] ; clk          ; clk         ; 1.000        ; -0.471     ; 5.020      ;
; -4.493 ; mem_write_addr[3]         ; memory:MEMORY|ram[0][13] ; clk          ; clk         ; 1.000        ; -0.471     ; 5.020      ;
; -4.493 ; mem_write_addr[3]         ; memory:MEMORY|ram[0][14] ; clk          ; clk         ; 1.000        ; -0.471     ; 5.020      ;
; -4.491 ; immediate_extended[5]     ; alu_value2[2]            ; clk          ; clk         ; 1.000        ; 0.085      ; 5.352      ;
; -4.488 ; mem_read_addr_1[0]        ; alu_value1[13]           ; clk          ; clk         ; 1.000        ; 0.057      ; 5.321      ;
; -4.488 ; memory:MEMORY|ram[11][14] ; alu_value2[14]           ; clk          ; clk         ; 1.000        ; 0.104      ; 5.368      ;
; -4.480 ; memory:MEMORY|ram[0][13]  ; alu_value2[13]           ; clk          ; clk         ; 1.000        ; 0.098      ; 5.354      ;
; -4.479 ; immediate_extended[5]     ; alu_value2[0]            ; clk          ; clk         ; 1.000        ; 0.085      ; 5.340      ;
; -4.464 ; mem_read_addr_1[1]        ; alu_value1[15]           ; clk          ; clk         ; 1.000        ; 0.057      ; 5.297      ;
; -4.463 ; memory:MEMORY|ram[9][1]   ; alu_value1[1]            ; clk          ; clk         ; 1.000        ; 0.060      ; 5.299      ;
; -4.459 ; mem_write_addr[3]         ; memory:MEMORY|ram[6][5]  ; clk          ; clk         ; 1.000        ; -0.472     ; 4.985      ;
; -4.459 ; mem_write_addr[3]         ; memory:MEMORY|ram[6][1]  ; clk          ; clk         ; 1.000        ; -0.472     ; 4.985      ;
; -4.459 ; mem_write_addr[3]         ; memory:MEMORY|ram[6][3]  ; clk          ; clk         ; 1.000        ; -0.472     ; 4.985      ;
; -4.459 ; mem_write_addr[3]         ; memory:MEMORY|ram[6][7]  ; clk          ; clk         ; 1.000        ; -0.472     ; 4.985      ;
; -4.442 ; memory:MEMORY|ram[8][13]  ; alu_value2[13]           ; clk          ; clk         ; 1.000        ; 0.062      ; 5.280      ;
; -4.442 ; memory:MEMORY|ram[0][6]   ; alu_value2[6]            ; clk          ; clk         ; 1.000        ; 0.085      ; 5.303      ;
; -4.424 ; immediate_extended[6]     ; alu_value2[8]            ; clk          ; clk         ; 1.000        ; 0.085      ; 5.285      ;
; -4.419 ; memory:MEMORY|ram[15][8]  ; alu_value1[8]            ; clk          ; clk         ; 1.000        ; 0.042      ; 5.237      ;
; -4.418 ; mem_read_addr_1[1]        ; alu_value1[13]           ; clk          ; clk         ; 1.000        ; 0.057      ; 5.251      ;
; -4.416 ; memory:MEMORY|ram[8][9]   ; alu_value2[9]            ; clk          ; clk         ; 1.000        ; -0.353     ; 4.839      ;
; -4.416 ; memory:MEMORY|ram[9][13]  ; alu_value1[13]           ; clk          ; clk         ; 1.000        ; 0.060      ; 5.252      ;
; -4.406 ; immediate_extended[3]     ; alu_value2[1]            ; clk          ; clk         ; 1.000        ; 0.061      ; 5.243      ;
; -4.392 ; memory:MEMORY|ram[0][4]   ; alu_value2[4]            ; clk          ; clk         ; 1.000        ; 0.085      ; 5.253      ;
+--------+---------------------------+--------------------------+--------------+-------------+--------------+------------+------------+


+---------------------------------------------------------------------------------------------------------------------------------------------------------------------------------------------+
; Slow 1200mV 85C Model Hold: 'clk'                                                                                                                                                           ;
+-------+-------------------------------------------------------+-------------------------------------------------------+--------------+-------------+--------------+------------+------------+
; Slack ; From Node                                             ; To Node                                               ; Launch Clock ; Latch Clock ; Relationship ; Clock Skew ; Data Delay ;
+-------+-------------------------------------------------------+-------------------------------------------------------+--------------+-------------+--------------+------------+------------+
; 0.365 ; lcd_controller:LCD_DRIVER|estado_atual.ST_wait_clr1   ; lcd_controller:LCD_DRIVER|estado_atual.ST_wait_clr2   ; clk          ; clk         ; 0.000        ; 0.510      ; 1.061      ;
; 0.386 ; current_state.STATE_ALU_WAIT                          ; current_state.STATE_ALU_WAIT                          ; clk          ; clk         ; 0.000        ; 0.097      ; 0.669      ;
; 0.386 ; alu_operation_enabled                                 ; alu_operation_enabled                                 ; clk          ; clk         ; 0.000        ; 0.097      ; 0.669      ;
; 0.386 ; current_state.STATE_IDLE                              ; current_state.STATE_IDLE                              ; clk          ; clk         ; 0.000        ; 0.097      ; 0.669      ;
; 0.386 ; current_state.STATE_POWERED_OFF                       ; current_state.STATE_POWERED_OFF                       ; clk          ; clk         ; 0.000        ; 0.097      ; 0.669      ;
; 0.386 ; lcd_controller:LCD_DRIVER|estado_atual.ST_default     ; lcd_controller:LCD_DRIVER|estado_atual.ST_default     ; clk          ; clk         ; 0.000        ; 0.097      ; 0.669      ;
; 0.386 ; lcd_controller:LCD_DRIVER|estado_atual.ST_feito       ; lcd_controller:LCD_DRIVER|estado_atual.ST_feito       ; clk          ; clk         ; 0.000        ; 0.097      ; 0.669      ;
; 0.386 ; lcd_controller:LCD_DRIVER|estado_atual.ST_escrever_L2 ; lcd_controller:LCD_DRIVER|estado_atual.ST_escrever_L2 ; clk          ; clk         ; 0.000        ; 0.097      ; 0.669      ;
; 0.386 ; lcd_controller:LCD_DRIVER|char_index[2]               ; lcd_controller:LCD_DRIVER|char_index[2]               ; clk          ; clk         ; 0.000        ; 0.097      ; 0.669      ;
; 0.386 ; lcd_controller:LCD_DRIVER|char_index[3]               ; lcd_controller:LCD_DRIVER|char_index[3]               ; clk          ; clk         ; 0.000        ; 0.097      ; 0.669      ;
; 0.386 ; lcd_controller:LCD_DRIVER|char_index[1]               ; lcd_controller:LCD_DRIVER|char_index[1]               ; clk          ; clk         ; 0.000        ; 0.097      ; 0.669      ;
; 0.391 ; lcd_controller:LCD_DRIVER|char_index[0]               ; lcd_controller:LCD_DRIVER|char_index[0]               ; clk          ; clk         ; 0.000        ; 0.097      ; 0.674      ;
; 0.391 ; module_alu:ULA|estado_atual                           ; module_alu:ULA|estado_atual                           ; clk          ; clk         ; 0.000        ; 0.097      ; 0.674      ;
; 0.402 ; ON~reg0                                               ; ON~reg0                                               ; clk          ; clk         ; 0.000        ; 0.081      ; 0.669      ;
; 0.403 ; mem_write_enabled                                     ; mem_write_enabled                                     ; clk          ; clk         ; 0.000        ; 0.080      ; 0.669      ;
; 0.403 ; mem_clear                                             ; mem_clear                                             ; clk          ; clk         ; 0.000        ; 0.080      ; 0.669      ;
; 0.403 ; current_state.STATE_MEM_WAIT                          ; current_state.STATE_MEM_WAIT                          ; clk          ; clk         ; 0.000        ; 0.080      ; 0.669      ;
; 0.404 ; lcd_controller:LCD_DRIVER|estado_atual.ST_escrever_L1 ; lcd_controller:LCD_DRIVER|estado_atual.ST_escrever_L1 ; clk          ; clk         ; 0.000        ; 0.079      ; 0.669      ;
; 0.408 ; memory:MEMORY|estado_atual                            ; memory:MEMORY|estado_atual                            ; clk          ; clk         ; 0.000        ; 0.080      ; 0.674      ;
; 0.410 ; module_alu:ULA|operationdone                          ; current_state.STATE_ALU_WAIT                          ; clk          ; clk         ; 0.000        ; 0.097      ; 0.693      ;
; 0.411 ; lcd_controller:LCD_DRIVER|clk_counter[19]             ; lcd_controller:LCD_DRIVER|clk_counter[19]             ; clk          ; clk         ; 0.000        ; 0.097      ; 0.694      ;
; 0.415 ; alu_operation_enabled                                 ; module_alu:ULA|estado_atual                           ; clk          ; clk         ; 0.000        ; 0.097      ; 0.698      ;
; 0.421 ; module_alu:ULA|operationdone                          ; current_state.STATE_MEM_WRITE                         ; clk          ; clk         ; 0.000        ; 0.097      ; 0.704      ;
; 0.428 ; memory:MEMORY|writedone                               ; current_state.STATE_MEM_WAIT                          ; clk          ; clk         ; 0.000        ; 0.080      ; 0.694      ;
; 0.437 ; memory:MEMORY|writedone                               ; current_state.STATE_LCD_UPDATE                        ; clk          ; clk         ; 0.000        ; 0.080      ; 0.703      ;
; 0.452 ; memory:MEMORY|estado_atual                            ; memory:MEMORY|writedone                               ; clk          ; clk         ; 0.000        ; 0.080      ; 0.718      ;
; 0.462 ; lcd_controller:LCD_DRIVER|estado_atual.ST_escrever_L1 ; lcd_controller:LCD_DRIVER|char_index[0]               ; clk          ; clk         ; 0.000        ; 0.514      ; 1.162      ;
; 0.467 ; lcd_controller:LCD_DRIVER|estado_atual.ST_escrever_L1 ; lcd_controller:LCD_DRIVER|char_index[1]               ; clk          ; clk         ; 0.000        ; 0.514      ; 1.167      ;
; 0.546 ; btn_enviar_d                                          ; current_state.STATE_FETCH                             ; clk          ; clk         ; 0.000        ; 0.097      ; 0.829      ;
; 0.557 ; opcode[0]                                             ; alu_value2[8]~_Duplicate_1                            ; clk          ; clk         ; 0.000        ; 0.543      ; 1.286      ;
; 0.583 ; current_state.STATE_ALU_WAIT                          ; current_state.STATE_MEM_WRITE                         ; clk          ; clk         ; 0.000        ; 0.097      ; 0.866      ;
; 0.589 ; lcd_controller:LCD_DRIVER|estado_atual.ST_mover_L2    ; lcd_controller:LCD_DRIVER|estado_atual.ST_escrever_L2 ; clk          ; clk         ; 0.000        ; 0.097      ; 0.872      ;
; 0.624 ; lcd_controller:LCD_DRIVER|clk_counter[13]             ; lcd_controller:LCD_DRIVER|clk_counter[13]             ; clk          ; clk         ; 0.000        ; 0.097      ; 0.907      ;
; 0.625 ; lcd_controller:LCD_DRIVER|clk_counter[11]             ; lcd_controller:LCD_DRIVER|clk_counter[11]             ; clk          ; clk         ; 0.000        ; 0.097      ; 0.908      ;
; 0.628 ; lcd_controller:LCD_DRIVER|clk_counter[16]             ; lcd_controller:LCD_DRIVER|clk_counter[16]             ; clk          ; clk         ; 0.000        ; 0.097      ; 0.911      ;
; 0.629 ; lcd_controller:LCD_DRIVER|clk_counter[17]             ; lcd_controller:LCD_DRIVER|clk_counter[17]             ; clk          ; clk         ; 0.000        ; 0.097      ; 0.912      ;
; 0.629 ; lcd_controller:LCD_DRIVER|clk_counter[12]             ; lcd_controller:LCD_DRIVER|clk_counter[12]             ; clk          ; clk         ; 0.000        ; 0.097      ; 0.912      ;
; 0.631 ; immediate_extended[2]                                 ; mem_write_data[2]                                     ; clk          ; clk         ; 0.000        ; 0.496      ; 1.313      ;
; 0.632 ; lcd_controller:LCD_DRIVER|estado_atual.ST_clr         ; lcd_controller:LCD_DRIVER|estado_atual.ST_wait_clr1   ; clk          ; clk         ; 0.000        ; 0.079      ; 0.897      ;
; 0.632 ; lcd_controller:LCD_DRIVER|clk_counter[18]             ; lcd_controller:LCD_DRIVER|clk_counter[18]             ; clk          ; clk         ; 0.000        ; 0.097      ; 0.915      ;
; 0.636 ; lcd_controller:LCD_DRIVER|clk_counter[3]              ; lcd_controller:LCD_DRIVER|clk_counter[3]              ; clk          ; clk         ; 0.000        ; 0.096      ; 0.918      ;
; 0.637 ; lcd_controller:LCD_DRIVER|clk_counter[1]              ; lcd_controller:LCD_DRIVER|clk_counter[1]              ; clk          ; clk         ; 0.000        ; 0.096      ; 0.919      ;
; 0.640 ; lcd_controller:LCD_DRIVER|clk_counter[5]              ; lcd_controller:LCD_DRIVER|clk_counter[5]              ; clk          ; clk         ; 0.000        ; 0.096      ; 0.922      ;
; 0.640 ; lcd_controller:LCD_DRIVER|clk_counter[2]              ; lcd_controller:LCD_DRIVER|clk_counter[2]              ; clk          ; clk         ; 0.000        ; 0.096      ; 0.922      ;
; 0.641 ; immediate_extended[1]                                 ; mem_write_data[1]                                     ; clk          ; clk         ; 0.000        ; 0.496      ; 1.323      ;
; 0.643 ; lcd_controller:LCD_DRIVER|clk_counter[10]             ; lcd_controller:LCD_DRIVER|clk_counter[10]             ; clk          ; clk         ; 0.000        ; 0.097      ; 0.926      ;
; 0.646 ; lcd_controller:LCD_DRIVER|clk_counter[7]              ; lcd_controller:LCD_DRIVER|clk_counter[7]              ; clk          ; clk         ; 0.000        ; 0.096      ; 0.928      ;
; 0.646 ; mem_write_enabled                                     ; memory:MEMORY|estado_atual                            ; clk          ; clk         ; 0.000        ; 0.080      ; 0.912      ;
; 0.647 ; btn_ligar_d                                           ; current_state.STATE_POWERED_OFF                       ; clk          ; clk         ; 0.000        ; 0.097      ; 0.930      ;
; 0.654 ; current_state.STATE_MEM_WAIT                          ; current_state.STATE_LCD_UPDATE                        ; clk          ; clk         ; 0.000        ; 0.080      ; 0.920      ;
; 0.659 ; opcode[2]                                             ; alu_value2[8]~_Duplicate_1                            ; clk          ; clk         ; 0.000        ; 0.543      ; 1.388      ;
; 0.669 ; lcd_controller:LCD_DRIVER|clk_counter[0]              ; lcd_controller:LCD_DRIVER|clk_counter[0]              ; clk          ; clk         ; 0.000        ; 0.096      ; 0.951      ;
; 0.686 ; lcd_controller:LCD_DRIVER|estado_atual.ST_escrever_L1 ; lcd_controller:LCD_DRIVER|estado_atual.ST_mover_L2    ; clk          ; clk         ; 0.000        ; 0.510      ; 1.382      ;
; 0.707 ; current_state.STATE_MEM_WRITE                         ; alu_operation_enabled                                 ; clk          ; clk         ; 0.000        ; 0.097      ; 0.990      ;
; 0.709 ; immediate_extended[0]                                 ; mem_write_data[0]                                     ; clk          ; clk         ; 0.000        ; 0.496      ; 1.391      ;
; 0.710 ; current_state.STATE_IDLE                              ; current_state.STATE_POWERED_OFF                       ; clk          ; clk         ; 0.000        ; 0.097      ; 0.993      ;
; 0.711 ; current_state.STATE_IDLE                              ; current_state.STATE_FETCH                             ; clk          ; clk         ; 0.000        ; 0.097      ; 0.994      ;
; 0.723 ; lcd_controller:LCD_DRIVER|estado_atual.ST_feito       ; lcd_controller:LCD_DRIVER|estado_atual.ST_default     ; clk          ; clk         ; 0.000        ; 0.097      ; 1.006      ;
; 0.725 ; module_alu:ULA|estado_atual                           ; module_alu:ULA|operationdone                          ; clk          ; clk         ; 0.000        ; 0.097      ; 1.008      ;
; 0.726 ; mem_clear                                             ; memory:MEMORY|writedone                               ; clk          ; clk         ; 0.000        ; 0.080      ; 0.992      ;
; 0.731 ; lcd_controller:LCD_DRIVER|char_index[2]               ; lcd_controller:LCD_DRIVER|char_index[3]               ; clk          ; clk         ; 0.000        ; 0.097      ; 1.014      ;
; 0.750 ; lcd_controller:LCD_DRIVER|estado_atual.ST_wait_clr2   ; lcd_controller:LCD_DRIVER|estado_atual.ST_avancar     ; clk          ; clk         ; 0.000        ; 0.097      ; 1.033      ;
; 0.757 ; lcd_controller:LCD_DRIVER|char_index[0]               ; lcd_controller:LCD_DRIVER|char_index[2]               ; clk          ; clk         ; 0.000        ; 0.097      ; 1.040      ;
; 0.758 ; opcode[2]                                             ; alu_value2[11]~_Duplicate_1                           ; clk          ; clk         ; 0.000        ; 0.543      ; 1.487      ;
; 0.761 ; lcd_controller:LCD_DRIVER|estado_atual.ST_init2       ; lcd_controller:LCD_DRIVER|estado_atual.ST_init3       ; clk          ; clk         ; 0.000        ; 0.097      ; 1.044      ;
; 0.762 ; lcd_controller:LCD_DRIVER|char_index[1]               ; lcd_controller:LCD_DRIVER|char_index[2]               ; clk          ; clk         ; 0.000        ; 0.097      ; 1.045      ;
; 0.765 ; opcode[0]                                             ; alu_value2[7]~_Duplicate_1                            ; clk          ; clk         ; 0.000        ; 0.516      ; 1.467      ;
; 0.766 ; opcode[0]                                             ; alu_value2[4]~_Duplicate_1                            ; clk          ; clk         ; 0.000        ; 0.516      ; 1.468      ;
; 0.767 ; opcode[0]                                             ; alu_value2[9]~_Duplicate_1                            ; clk          ; clk         ; 0.000        ; 0.516      ; 1.469      ;
; 0.768 ; opcode[0]                                             ; alu_value2[13]~_Duplicate_1                           ; clk          ; clk         ; 0.000        ; 0.516      ; 1.470      ;
; 0.768 ; opcode[0]                                             ; alu_value2[12]~_Duplicate_1                           ; clk          ; clk         ; 0.000        ; 0.516      ; 1.470      ;
; 0.771 ; opcode[0]                                             ; alu_value2[6]~_Duplicate_1                            ; clk          ; clk         ; 0.000        ; 0.516      ; 1.473      ;
; 0.772 ; opcode[0]                                             ; alu_value2[3]~_Duplicate_1                            ; clk          ; clk         ; 0.000        ; 0.516      ; 1.474      ;
; 0.772 ; opcode[0]                                             ; alu_value2[15]~_Duplicate_1                           ; clk          ; clk         ; 0.000        ; 0.516      ; 1.474      ;
; 0.802 ; module_alu:ULA|resultvalue[1]                         ; mem_write_data[1]                                     ; clk          ; clk         ; 0.000        ; 0.099      ; 1.087      ;
; 0.810 ; instruction_register[7]                               ; mem_read_addr_1[0]                                    ; clk          ; clk         ; 0.000        ; -0.299     ; 0.697      ;
; 0.819 ; lcd_controller:LCD_DRIVER|estado_atual.ST_default     ; lcd_controller:LCD_DRIVER|estado_atual.ST_init1       ; clk          ; clk         ; 0.000        ; 0.097      ; 1.102      ;
; 0.825 ; lcd_controller:LCD_DRIVER|estado_atual.ST_escrever_L1 ; lcd_controller:LCD_DRIVER|char_index[2]               ; clk          ; clk         ; 0.000        ; 0.514      ; 1.525      ;
; 0.825 ; lcd_controller:LCD_DRIVER|estado_atual.ST_escrever_L1 ; lcd_controller:LCD_DRIVER|char_index[3]               ; clk          ; clk         ; 0.000        ; 0.514      ; 1.525      ;
; 0.843 ; opcode[0]                                             ; mem_write_data[13]                                    ; clk          ; clk         ; 0.000        ; 0.522      ; 1.551      ;
; 0.844 ; opcode[0]                                             ; mem_write_data[14]                                    ; clk          ; clk         ; 0.000        ; 0.522      ; 1.552      ;
; 0.844 ; opcode[1]                                             ; mem_write_data[7]                                     ; clk          ; clk         ; 0.000        ; 0.522      ; 1.552      ;
; 0.845 ; opcode[0]                                             ; mem_write_data[12]                                    ; clk          ; clk         ; 0.000        ; 0.522      ; 1.553      ;
; 0.846 ; opcode[0]                                             ; mem_write_data[15]                                    ; clk          ; clk         ; 0.000        ; 0.522      ; 1.554      ;
; 0.847 ; mem_clear                                             ; memory:MEMORY|estado_atual                            ; clk          ; clk         ; 0.000        ; 0.080      ; 1.113      ;
; 0.848 ; opcode[0]                                             ; mem_write_data[10]                                    ; clk          ; clk         ; 0.000        ; 0.522      ; 1.556      ;
; 0.848 ; opcode[0]                                             ; mem_write_data[9]                                     ; clk          ; clk         ; 0.000        ; 0.522      ; 1.556      ;
; 0.848 ; opcode[0]                                             ; mem_write_data[8]                                     ; clk          ; clk         ; 0.000        ; 0.522      ; 1.556      ;
; 0.855 ; current_state.STATE_ALU_START                         ; alu_operation_enabled                                 ; clk          ; clk         ; 0.000        ; 0.087      ; 1.128      ;
; 0.862 ; instruction_register[16]                              ; opcode[1]                                             ; clk          ; clk         ; 0.000        ; -0.330     ; 0.718      ;
; 0.864 ; module_alu:ULA|resultvalue[2]                         ; mem_write_data[2]                                     ; clk          ; clk         ; 0.000        ; 0.099      ; 1.149      ;
; 0.867 ; lcd_controller:LCD_DRIVER|clk_counter[10]             ; lcd_controller:LCD_DRIVER|LCD_EN                      ; clk          ; clk         ; 0.000        ; 0.096      ; 1.149      ;
; 0.868 ; instruction_register[17]                              ; opcode[2]                                             ; clk          ; clk         ; 0.000        ; -0.330     ; 0.724      ;
; 0.871 ; instruction_register[15]                              ; opcode[0]                                             ; clk          ; clk         ; 0.000        ; -0.330     ; 0.727      ;
; 0.872 ; lcd_controller:LCD_DRIVER|estado_atual.ST_iniciar     ; lcd_controller:LCD_DRIVER|estado_atual.ST_clr         ; clk          ; clk         ; 0.000        ; -0.334     ; 0.724      ;
; 0.895 ; instruction_register[16]                              ; current_state.STATE_ALU_START                         ; clk          ; clk         ; 0.000        ; 0.120      ; 1.201      ;
; 0.895 ; btn_ligar_d                                           ; current_state.STATE_FETCH                             ; clk          ; clk         ; 0.000        ; 0.097      ; 1.178      ;
; 0.896 ; current_state.STATE_POWERED_OFF                       ; current_state.STATE_IDLE                              ; clk          ; clk         ; 0.000        ; 0.097      ; 1.179      ;
; 0.900 ; current_state.STATE_MEM_WAIT                          ; mem_clear                                             ; clk          ; clk         ; 0.000        ; 0.080      ; 1.166      ;
; 0.904 ; current_state.STATE_MEM_WAIT                          ; mem_write_enabled                                     ; clk          ; clk         ; 0.000        ; 0.080      ; 1.170      ;
+-------+-------------------------------------------------------+-------------------------------------------------------+--------------+-------------+--------------+------------+------------+


+----------------------------------------------------------------------------------------------------------------------------------------------------+
; Slow 1200mV 85C Model Recovery: 'clk'                                                                                                              ;
+--------+-------------+-------------------------------------------------------+--------------+-------------+--------------+------------+------------+
; Slack  ; From Node   ; To Node                                               ; Launch Clock ; Latch Clock ; Relationship ; Clock Skew ; Data Delay ;
+--------+-------------+-------------------------------------------------------+--------------+-------------+--------------+------------+------------+
; -3.870 ; btn_reset_d ; alu_value2[14]                                        ; clk          ; clk         ; 1.000        ; 0.064      ; 4.710      ;
; -3.870 ; btn_reset_d ; alu_value1[14]                                        ; clk          ; clk         ; 1.000        ; 0.064      ; 4.710      ;
; -3.870 ; btn_reset_d ; alu_value1[13]                                        ; clk          ; clk         ; 1.000        ; 0.064      ; 4.710      ;
; -3.870 ; btn_reset_d ; alu_value2[13]                                        ; clk          ; clk         ; 1.000        ; 0.064      ; 4.710      ;
; -3.870 ; btn_reset_d ; alu_value1[11]                                        ; clk          ; clk         ; 1.000        ; 0.064      ; 4.710      ;
; -3.870 ; btn_reset_d ; alu_value2[11]                                        ; clk          ; clk         ; 1.000        ; 0.064      ; 4.710      ;
; -3.870 ; btn_reset_d ; alu_value1[10]                                        ; clk          ; clk         ; 1.000        ; 0.064      ; 4.710      ;
; -3.870 ; btn_reset_d ; alu_value2[10]                                        ; clk          ; clk         ; 1.000        ; 0.064      ; 4.710      ;
; -3.870 ; btn_reset_d ; alu_value1[9]                                         ; clk          ; clk         ; 1.000        ; 0.064      ; 4.710      ;
; -3.870 ; btn_reset_d ; alu_value2[9]                                         ; clk          ; clk         ; 1.000        ; 0.064      ; 4.710      ;
; -3.870 ; btn_reset_d ; alu_value2[8]                                         ; clk          ; clk         ; 1.000        ; 0.064      ; 4.710      ;
; -3.870 ; btn_reset_d ; alu_value1[8]                                         ; clk          ; clk         ; 1.000        ; 0.064      ; 4.710      ;
; -3.870 ; btn_reset_d ; alu_value2[7]                                         ; clk          ; clk         ; 1.000        ; 0.064      ; 4.710      ;
; -3.870 ; btn_reset_d ; alu_value1[7]                                         ; clk          ; clk         ; 1.000        ; 0.064      ; 4.710      ;
; -3.870 ; btn_reset_d ; alu_value2[6]                                         ; clk          ; clk         ; 1.000        ; 0.064      ; 4.710      ;
; -3.870 ; btn_reset_d ; alu_value1[6]                                         ; clk          ; clk         ; 1.000        ; 0.064      ; 4.710      ;
; -3.870 ; btn_reset_d ; alu_value1[5]                                         ; clk          ; clk         ; 1.000        ; 0.064      ; 4.710      ;
; -3.870 ; btn_reset_d ; alu_value2[5]                                         ; clk          ; clk         ; 1.000        ; 0.064      ; 4.710      ;
; -3.870 ; btn_reset_d ; alu_value1[4]                                         ; clk          ; clk         ; 1.000        ; 0.064      ; 4.710      ;
; -3.870 ; btn_reset_d ; alu_value2[4]                                         ; clk          ; clk         ; 1.000        ; 0.064      ; 4.710      ;
; -3.870 ; btn_reset_d ; alu_value1[3]                                         ; clk          ; clk         ; 1.000        ; 0.064      ; 4.710      ;
; -3.870 ; btn_reset_d ; alu_value2[3]                                         ; clk          ; clk         ; 1.000        ; 0.064      ; 4.710      ;
; -3.870 ; btn_reset_d ; alu_value2[2]                                         ; clk          ; clk         ; 1.000        ; 0.064      ; 4.710      ;
; -3.870 ; btn_reset_d ; alu_value1[2]                                         ; clk          ; clk         ; 1.000        ; 0.064      ; 4.710      ;
; -3.870 ; btn_reset_d ; alu_value1[1]                                         ; clk          ; clk         ; 1.000        ; 0.064      ; 4.710      ;
; -3.870 ; btn_reset_d ; alu_value2[1]                                         ; clk          ; clk         ; 1.000        ; 0.064      ; 4.710      ;
; -3.870 ; btn_reset_d ; alu_value1[15]                                        ; clk          ; clk         ; 1.000        ; 0.064      ; 4.710      ;
; -3.870 ; btn_reset_d ; alu_value1[12]                                        ; clk          ; clk         ; 1.000        ; 0.064      ; 4.710      ;
; -3.870 ; btn_reset_d ; alu_value1[0]                                         ; clk          ; clk         ; 1.000        ; 0.064      ; 4.710      ;
; -3.870 ; btn_reset_d ; alu_value2[0]                                         ; clk          ; clk         ; 1.000        ; 0.064      ; 4.710      ;
; -3.870 ; btn_reset_d ; alu_value2[15]                                        ; clk          ; clk         ; 1.000        ; 0.064      ; 4.710      ;
; -3.870 ; btn_reset_d ; alu_value2[12]                                        ; clk          ; clk         ; 1.000        ; 0.064      ; 4.710      ;
; -3.680 ; btn_reset_d ; opcode[0]                                             ; clk          ; clk         ; 1.000        ; -0.093     ; 4.585      ;
; -3.680 ; btn_reset_d ; opcode[1]                                             ; clk          ; clk         ; 1.000        ; -0.093     ; 4.585      ;
; -3.680 ; btn_reset_d ; opcode[2]                                             ; clk          ; clk         ; 1.000        ; -0.093     ; 4.585      ;
; -3.680 ; btn_reset_d ; current_state.STATE_MEM_WAIT                          ; clk          ; clk         ; 1.000        ; -0.097     ; 4.581      ;
; -3.680 ; btn_reset_d ; mem_clear                                             ; clk          ; clk         ; 1.000        ; -0.097     ; 4.581      ;
; -3.680 ; btn_reset_d ; mem_write_enabled                                     ; clk          ; clk         ; 1.000        ; -0.097     ; 4.581      ;
; -3.680 ; btn_reset_d ; memory:MEMORY|estado_atual                            ; clk          ; clk         ; 1.000        ; -0.097     ; 4.581      ;
; -3.680 ; btn_reset_d ; current_state.STATE_LCD_UPDATE                        ; clk          ; clk         ; 1.000        ; -0.097     ; 4.581      ;
; -3.680 ; btn_reset_d ; immediate_extended[0]                                 ; clk          ; clk         ; 1.000        ; -0.093     ; 4.585      ;
; -3.680 ; btn_reset_d ; immediate_extended[1]                                 ; clk          ; clk         ; 1.000        ; -0.093     ; 4.585      ;
; -3.680 ; btn_reset_d ; immediate_extended[2]                                 ; clk          ; clk         ; 1.000        ; -0.093     ; 4.585      ;
; -3.679 ; btn_reset_d ; lcd_controller:LCD_DRIVER|estado_atual.ST_clr         ; clk          ; clk         ; 1.000        ; -0.115     ; 4.562      ;
; -3.679 ; btn_reset_d ; lcd_controller:LCD_DRIVER|estado_atual.ST_wait_clr1   ; clk          ; clk         ; 1.000        ; -0.115     ; 4.562      ;
; -3.679 ; btn_reset_d ; lcd_controller:LCD_DRIVER|estado_atual.ST_escrever_L1 ; clk          ; clk         ; 1.000        ; -0.115     ; 4.562      ;
; -3.668 ; btn_reset_d ; mem_read_addr_1[2]                                    ; clk          ; clk         ; 1.000        ; -0.101     ; 4.565      ;
; -3.668 ; btn_reset_d ; mem_read_addr_1[3]                                    ; clk          ; clk         ; 1.000        ; -0.101     ; 4.565      ;
; -3.668 ; btn_reset_d ; immediate_extended[6]                                 ; clk          ; clk         ; 1.000        ; -0.101     ; 4.565      ;
; -3.668 ; btn_reset_d ; immediate_extended[5]                                 ; clk          ; clk         ; 1.000        ; -0.101     ; 4.565      ;
; -3.653 ; btn_reset_d ; mem_read_addr_1[0]                                    ; clk          ; clk         ; 1.000        ; -0.073     ; 4.578      ;
; -3.653 ; btn_reset_d ; mem_read_addr_1[1]                                    ; clk          ; clk         ; 1.000        ; -0.073     ; 4.578      ;
; -3.653 ; btn_reset_d ; immediate_extended[3]                                 ; clk          ; clk         ; 1.000        ; -0.077     ; 4.574      ;
; -3.653 ; btn_reset_d ; r_dest[3]                                             ; clk          ; clk         ; 1.000        ; -0.073     ; 4.578      ;
; -3.653 ; btn_reset_d ; r_dest[2]                                             ; clk          ; clk         ; 1.000        ; -0.073     ; 4.578      ;
; -3.653 ; btn_reset_d ; r_dest[0]                                             ; clk          ; clk         ; 1.000        ; -0.073     ; 4.578      ;
; -3.653 ; btn_reset_d ; r_dest[1]                                             ; clk          ; clk         ; 1.000        ; -0.073     ; 4.578      ;
; -3.653 ; btn_reset_d ; immediate_extended[4]                                 ; clk          ; clk         ; 1.000        ; -0.077     ; 4.574      ;
; -3.652 ; btn_reset_d ; btn_reset_d                                           ; clk          ; clk         ; 1.000        ; -0.080     ; 4.570      ;
; -3.302 ; btn_reset_d ; module_alu:ULA|resultvalue[14]                        ; clk          ; clk         ; 1.000        ; 0.288      ; 4.588      ;
; -3.302 ; btn_reset_d ; module_alu:ULA|resultvalue[15]                        ; clk          ; clk         ; 1.000        ; 0.288      ; 4.588      ;
; -3.302 ; btn_reset_d ; module_alu:ULA|resultvalue[13]                        ; clk          ; clk         ; 1.000        ; 0.288      ; 4.588      ;
; -3.302 ; btn_reset_d ; module_alu:ULA|resultvalue[12]                        ; clk          ; clk         ; 1.000        ; 0.288      ; 4.588      ;
; -3.302 ; btn_reset_d ; module_alu:ULA|resultvalue[11]                        ; clk          ; clk         ; 1.000        ; 0.288      ; 4.588      ;
; -3.302 ; btn_reset_d ; module_alu:ULA|resultvalue[10]                        ; clk          ; clk         ; 1.000        ; 0.288      ; 4.588      ;
; -3.302 ; btn_reset_d ; module_alu:ULA|resultvalue[9]                         ; clk          ; clk         ; 1.000        ; 0.288      ; 4.588      ;
; -3.302 ; btn_reset_d ; module_alu:ULA|resultvalue[8]                         ; clk          ; clk         ; 1.000        ; 0.288      ; 4.588      ;
; -3.302 ; btn_reset_d ; module_alu:ULA|resultvalue[7]                         ; clk          ; clk         ; 1.000        ; 0.288      ; 4.588      ;
; -3.299 ; btn_reset_d ; mem_write_addr[3]                                     ; clk          ; clk         ; 1.000        ; 0.263      ; 4.560      ;
; -3.299 ; btn_reset_d ; mem_write_addr[2]                                     ; clk          ; clk         ; 1.000        ; 0.263      ; 4.560      ;
; -3.299 ; btn_reset_d ; mem_write_addr[0]                                     ; clk          ; clk         ; 1.000        ; 0.263      ; 4.560      ;
; -3.299 ; btn_reset_d ; mem_write_addr[1]                                     ; clk          ; clk         ; 1.000        ; 0.263      ; 4.560      ;
; -3.299 ; btn_reset_d ; mem_write_data[5]                                     ; clk          ; clk         ; 1.000        ; 0.263      ; 4.560      ;
; -3.299 ; btn_reset_d ; mem_write_data[6]                                     ; clk          ; clk         ; 1.000        ; 0.263      ; 4.560      ;
; -3.286 ; btn_reset_d ; module_alu:ULA|resultvalue[6]                         ; clk          ; clk         ; 1.000        ; 0.304      ; 4.588      ;
; -3.286 ; btn_reset_d ; module_alu:ULA|resultvalue[5]                         ; clk          ; clk         ; 1.000        ; 0.304      ; 4.588      ;
; -3.286 ; btn_reset_d ; module_alu:ULA|resultvalue[4]                         ; clk          ; clk         ; 1.000        ; 0.304      ; 4.588      ;
; -3.286 ; btn_reset_d ; module_alu:ULA|resultvalue[3]                         ; clk          ; clk         ; 1.000        ; 0.304      ; 4.588      ;
; -3.286 ; btn_reset_d ; module_alu:ULA|resultvalue[2]                         ; clk          ; clk         ; 1.000        ; 0.304      ; 4.588      ;
; -3.286 ; btn_reset_d ; module_alu:ULA|resultvalue[1]                         ; clk          ; clk         ; 1.000        ; 0.304      ; 4.588      ;
; -3.286 ; btn_reset_d ; module_alu:ULA|resultvalue[0]                         ; clk          ; clk         ; 1.000        ; 0.304      ; 4.588      ;
; -3.281 ; btn_reset_d ; alu_value1[7]~_Duplicate_1                            ; clk          ; clk         ; 1.000        ; 0.307      ; 4.586      ;
; -3.281 ; btn_reset_d ; alu_value1[5]~_Duplicate_1                            ; clk          ; clk         ; 1.000        ; 0.307      ; 4.586      ;
; -3.281 ; btn_reset_d ; alu_value2[5]~_Duplicate_1                            ; clk          ; clk         ; 1.000        ; 0.307      ; 4.586      ;
; -3.281 ; btn_reset_d ; alu_value2[2]~_Duplicate_1                            ; clk          ; clk         ; 1.000        ; 0.307      ; 4.586      ;
; -3.281 ; btn_reset_d ; alu_value2[0]~_Duplicate_1                            ; clk          ; clk         ; 1.000        ; 0.307      ; 4.586      ;
; -3.281 ; btn_reset_d ; mem_write_data[0]                                     ; clk          ; clk         ; 1.000        ; 0.306      ; 4.585      ;
; -3.281 ; btn_reset_d ; mem_write_data[1]                                     ; clk          ; clk         ; 1.000        ; 0.306      ; 4.585      ;
; -3.281 ; btn_reset_d ; mem_write_data[2]                                     ; clk          ; clk         ; 1.000        ; 0.306      ; 4.585      ;
; -3.275 ; btn_reset_d ; instruction_register[4]                               ; clk          ; clk         ; 1.000        ; 0.319      ; 4.592      ;
; -3.275 ; btn_reset_d ; instruction_register[3]                               ; clk          ; clk         ; 1.000        ; 0.319      ; 4.592      ;
; -3.275 ; btn_reset_d ; instruction_register[6]                               ; clk          ; clk         ; 1.000        ; 0.319      ; 4.592      ;
; -3.275 ; btn_reset_d ; instruction_register[10]                              ; clk          ; clk         ; 1.000        ; 0.319      ; 4.592      ;
; -3.274 ; btn_reset_d ; instruction_register[12]                              ; clk          ; clk         ; 1.000        ; 0.306      ; 4.578      ;
; -3.274 ; btn_reset_d ; instruction_register[11]                              ; clk          ; clk         ; 1.000        ; 0.306      ; 4.578      ;
; -3.274 ; btn_reset_d ; instruction_register[13]                              ; clk          ; clk         ; 1.000        ; 0.306      ; 4.578      ;
; -3.274 ; btn_reset_d ; instruction_register[14]                              ; clk          ; clk         ; 1.000        ; 0.306      ; 4.578      ;
; -3.274 ; btn_reset_d ; instruction_register[9]                               ; clk          ; clk         ; 1.000        ; 0.306      ; 4.578      ;
; -3.274 ; btn_reset_d ; instruction_register[8]                               ; clk          ; clk         ; 1.000        ; 0.306      ; 4.578      ;
; -3.274 ; btn_reset_d ; instruction_register[7]                               ; clk          ; clk         ; 1.000        ; 0.306      ; 4.578      ;
+--------+-------------+-------------------------------------------------------+--------------+-------------+--------------+------------+------------+


+---------------------------------------------------------------------------------------------------------------------------------------------------+
; Slow 1200mV 85C Model Removal: 'clk'                                                                                                              ;
+-------+-------------+-------------------------------------------------------+--------------+-------------+--------------+------------+------------+
; Slack ; From Node   ; To Node                                               ; Launch Clock ; Latch Clock ; Relationship ; Clock Skew ; Data Delay ;
+-------+-------------+-------------------------------------------------------+--------------+-------------+--------------+------------+------------+
; 3.586 ; btn_reset_d ; alu_value2[14]~_Duplicate_1                           ; clk          ; clk         ; 0.000        ; 0.578      ; 4.350      ;
; 3.586 ; btn_reset_d ; alu_value1[14]~_Duplicate_1                           ; clk          ; clk         ; 0.000        ; 0.578      ; 4.350      ;
; 3.586 ; btn_reset_d ; alu_value2[11]~_Duplicate_1                           ; clk          ; clk         ; 0.000        ; 0.578      ; 4.350      ;
; 3.586 ; btn_reset_d ; alu_value2[10]~_Duplicate_1                           ; clk          ; clk         ; 0.000        ; 0.578      ; 4.350      ;
; 3.586 ; btn_reset_d ; alu_value2[8]~_Duplicate_1                            ; clk          ; clk         ; 0.000        ; 0.578      ; 4.350      ;
; 3.586 ; btn_reset_d ; alu_value1[15]~_Duplicate_1                           ; clk          ; clk         ; 0.000        ; 0.578      ; 4.350      ;
; 3.598 ; btn_reset_d ; alu_opcode[1]                                         ; clk          ; clk         ; 0.000        ; 0.566      ; 4.350      ;
; 3.598 ; btn_reset_d ; alu_opcode[2]                                         ; clk          ; clk         ; 0.000        ; 0.566      ; 4.350      ;
; 3.598 ; btn_reset_d ; current_state.STATE_DECODE                            ; clk          ; clk         ; 0.000        ; 0.565      ; 4.349      ;
; 3.598 ; btn_reset_d ; current_state.STATE_ALU_START                         ; clk          ; clk         ; 0.000        ; 0.565      ; 4.349      ;
; 3.598 ; btn_reset_d ; alu_opcode[0]                                         ; clk          ; clk         ; 0.000        ; 0.566      ; 4.350      ;
; 3.608 ; btn_reset_d ; alu_operation_enabled                                 ; clk          ; clk         ; 0.000        ; 0.554      ; 4.348      ;
; 3.608 ; btn_reset_d ; module_alu:ULA|estado_atual                           ; clk          ; clk         ; 0.000        ; 0.554      ; 4.348      ;
; 3.608 ; btn_reset_d ; module_alu:ULA|operationdone                          ; clk          ; clk         ; 0.000        ; 0.554      ; 4.348      ;
; 3.608 ; btn_reset_d ; current_state.STATE_ALU_WAIT                          ; clk          ; clk         ; 0.000        ; 0.554      ; 4.348      ;
; 3.608 ; btn_reset_d ; current_state.STATE_MEM_WRITE                         ; clk          ; clk         ; 0.000        ; 0.554      ; 4.348      ;
; 3.611 ; btn_reset_d ; alu_value1[13]~_Duplicate_1                           ; clk          ; clk         ; 0.000        ; 0.550      ; 4.347      ;
; 3.611 ; btn_reset_d ; alu_value2[13]~_Duplicate_1                           ; clk          ; clk         ; 0.000        ; 0.551      ; 4.348      ;
; 3.611 ; btn_reset_d ; alu_value1[10]~_Duplicate_1                           ; clk          ; clk         ; 0.000        ; 0.550      ; 4.347      ;
; 3.611 ; btn_reset_d ; alu_value2[9]~_Duplicate_1                            ; clk          ; clk         ; 0.000        ; 0.551      ; 4.348      ;
; 3.611 ; btn_reset_d ; alu_value1[8]~_Duplicate_1                            ; clk          ; clk         ; 0.000        ; 0.550      ; 4.347      ;
; 3.611 ; btn_reset_d ; alu_value2[7]~_Duplicate_1                            ; clk          ; clk         ; 0.000        ; 0.551      ; 4.348      ;
; 3.611 ; btn_reset_d ; alu_value2[6]~_Duplicate_1                            ; clk          ; clk         ; 0.000        ; 0.551      ; 4.348      ;
; 3.611 ; btn_reset_d ; alu_value1[6]~_Duplicate_1                            ; clk          ; clk         ; 0.000        ; 0.550      ; 4.347      ;
; 3.611 ; btn_reset_d ; alu_value1[4]~_Duplicate_1                            ; clk          ; clk         ; 0.000        ; 0.550      ; 4.347      ;
; 3.611 ; btn_reset_d ; alu_value2[4]~_Duplicate_1                            ; clk          ; clk         ; 0.000        ; 0.551      ; 4.348      ;
; 3.611 ; btn_reset_d ; alu_value2[3]~_Duplicate_1                            ; clk          ; clk         ; 0.000        ; 0.551      ; 4.348      ;
; 3.611 ; btn_reset_d ; alu_value1[2]~_Duplicate_1                            ; clk          ; clk         ; 0.000        ; 0.550      ; 4.347      ;
; 3.611 ; btn_reset_d ; alu_value1[12]~_Duplicate_1                           ; clk          ; clk         ; 0.000        ; 0.550      ; 4.347      ;
; 3.611 ; btn_reset_d ; alu_value1[0]~_Duplicate_1                            ; clk          ; clk         ; 0.000        ; 0.550      ; 4.347      ;
; 3.611 ; btn_reset_d ; alu_value2[15]~_Duplicate_1                           ; clk          ; clk         ; 0.000        ; 0.551      ; 4.348      ;
; 3.611 ; btn_reset_d ; alu_value2[12]~_Duplicate_1                           ; clk          ; clk         ; 0.000        ; 0.551      ; 4.348      ;
; 3.618 ; btn_reset_d ; btn_ligar_d                                           ; clk          ; clk         ; 0.000        ; 0.541      ; 4.345      ;
; 3.618 ; btn_reset_d ; btn_enviar_d                                          ; clk          ; clk         ; 0.000        ; 0.541      ; 4.345      ;
; 3.618 ; btn_reset_d ; lcd_controller:LCD_DRIVER|clk_counter[10]             ; clk          ; clk         ; 0.000        ; 0.522      ; 4.326      ;
; 3.618 ; btn_reset_d ; lcd_controller:LCD_DRIVER|clk_counter[11]             ; clk          ; clk         ; 0.000        ; 0.522      ; 4.326      ;
; 3.618 ; btn_reset_d ; lcd_controller:LCD_DRIVER|clk_counter[12]             ; clk          ; clk         ; 0.000        ; 0.522      ; 4.326      ;
; 3.618 ; btn_reset_d ; lcd_controller:LCD_DRIVER|clk_counter[13]             ; clk          ; clk         ; 0.000        ; 0.522      ; 4.326      ;
; 3.618 ; btn_reset_d ; lcd_controller:LCD_DRIVER|clk_counter[14]             ; clk          ; clk         ; 0.000        ; 0.522      ; 4.326      ;
; 3.618 ; btn_reset_d ; lcd_controller:LCD_DRIVER|clk_counter[15]             ; clk          ; clk         ; 0.000        ; 0.522      ; 4.326      ;
; 3.618 ; btn_reset_d ; lcd_controller:LCD_DRIVER|clk_counter[16]             ; clk          ; clk         ; 0.000        ; 0.522      ; 4.326      ;
; 3.618 ; btn_reset_d ; lcd_controller:LCD_DRIVER|clk_counter[17]             ; clk          ; clk         ; 0.000        ; 0.522      ; 4.326      ;
; 3.618 ; btn_reset_d ; lcd_controller:LCD_DRIVER|clk_counter[18]             ; clk          ; clk         ; 0.000        ; 0.522      ; 4.326      ;
; 3.618 ; btn_reset_d ; lcd_controller:LCD_DRIVER|clk_counter[19]             ; clk          ; clk         ; 0.000        ; 0.522      ; 4.326      ;
; 3.618 ; btn_reset_d ; current_state.STATE_POWERED_OFF                       ; clk          ; clk         ; 0.000        ; 0.541      ; 4.345      ;
; 3.618 ; btn_reset_d ; current_state.STATE_IDLE                              ; clk          ; clk         ; 0.000        ; 0.541      ; 4.345      ;
; 3.618 ; btn_reset_d ; current_state.STATE_FETCH                             ; clk          ; clk         ; 0.000        ; 0.541      ; 4.345      ;
; 3.619 ; btn_reset_d ; lcd_controller:LCD_DRIVER|clk_counter[0]              ; clk          ; clk         ; 0.000        ; 0.519      ; 4.324      ;
; 3.619 ; btn_reset_d ; lcd_controller:LCD_DRIVER|clk_counter[1]              ; clk          ; clk         ; 0.000        ; 0.519      ; 4.324      ;
; 3.619 ; btn_reset_d ; lcd_controller:LCD_DRIVER|clk_counter[2]              ; clk          ; clk         ; 0.000        ; 0.519      ; 4.324      ;
; 3.619 ; btn_reset_d ; lcd_controller:LCD_DRIVER|clk_counter[3]              ; clk          ; clk         ; 0.000        ; 0.519      ; 4.324      ;
; 3.619 ; btn_reset_d ; lcd_controller:LCD_DRIVER|clk_counter[4]              ; clk          ; clk         ; 0.000        ; 0.521      ; 4.326      ;
; 3.619 ; btn_reset_d ; lcd_controller:LCD_DRIVER|clk_counter[5]              ; clk          ; clk         ; 0.000        ; 0.519      ; 4.324      ;
; 3.619 ; btn_reset_d ; lcd_controller:LCD_DRIVER|clk_counter[6]              ; clk          ; clk         ; 0.000        ; 0.519      ; 4.324      ;
; 3.619 ; btn_reset_d ; lcd_controller:LCD_DRIVER|clk_counter[7]              ; clk          ; clk         ; 0.000        ; 0.519      ; 4.324      ;
; 3.619 ; btn_reset_d ; lcd_controller:LCD_DRIVER|clk_counter[8]              ; clk          ; clk         ; 0.000        ; 0.519      ; 4.324      ;
; 3.619 ; btn_reset_d ; lcd_controller:LCD_DRIVER|clk_counter[9]              ; clk          ; clk         ; 0.000        ; 0.519      ; 4.324      ;
; 3.619 ; btn_reset_d ; lcd_controller:LCD_DRIVER|estado_atual.ST_default     ; clk          ; clk         ; 0.000        ; 0.523      ; 4.328      ;
; 3.619 ; btn_reset_d ; lcd_controller:LCD_DRIVER|estado_atual.ST_init1       ; clk          ; clk         ; 0.000        ; 0.523      ; 4.328      ;
; 3.619 ; btn_reset_d ; lcd_controller:LCD_DRIVER|estado_atual.ST_init2       ; clk          ; clk         ; 0.000        ; 0.523      ; 4.328      ;
; 3.619 ; btn_reset_d ; lcd_controller:LCD_DRIVER|estado_atual.ST_init3       ; clk          ; clk         ; 0.000        ; 0.523      ; 4.328      ;
; 3.619 ; btn_reset_d ; lcd_controller:LCD_DRIVER|estado_atual.ST_iniciar     ; clk          ; clk         ; 0.000        ; 0.523      ; 4.328      ;
; 3.619 ; btn_reset_d ; lcd_controller:LCD_DRIVER|estado_atual.ST_wait_clr2   ; clk          ; clk         ; 0.000        ; 0.523      ; 4.328      ;
; 3.619 ; btn_reset_d ; lcd_controller:LCD_DRIVER|estado_atual.ST_avancar     ; clk          ; clk         ; 0.000        ; 0.523      ; 4.328      ;
; 3.619 ; btn_reset_d ; lcd_controller:LCD_DRIVER|char_index[0]               ; clk          ; clk         ; 0.000        ; 0.527      ; 4.332      ;
; 3.619 ; btn_reset_d ; lcd_controller:LCD_DRIVER|char_index[1]               ; clk          ; clk         ; 0.000        ; 0.527      ; 4.332      ;
; 3.619 ; btn_reset_d ; lcd_controller:LCD_DRIVER|char_index[2]               ; clk          ; clk         ; 0.000        ; 0.527      ; 4.332      ;
; 3.619 ; btn_reset_d ; lcd_controller:LCD_DRIVER|char_index[3]               ; clk          ; clk         ; 0.000        ; 0.527      ; 4.332      ;
; 3.619 ; btn_reset_d ; lcd_controller:LCD_DRIVER|estado_atual.ST_mover_L2    ; clk          ; clk         ; 0.000        ; 0.523      ; 4.328      ;
; 3.619 ; btn_reset_d ; lcd_controller:LCD_DRIVER|estado_atual.ST_escrever_L2 ; clk          ; clk         ; 0.000        ; 0.523      ; 4.328      ;
; 3.619 ; btn_reset_d ; lcd_controller:LCD_DRIVER|estado_atual.ST_feito       ; clk          ; clk         ; 0.000        ; 0.523      ; 4.328      ;
; 3.619 ; btn_reset_d ; lcd_controller:LCD_DRIVER|LCD_EN                      ; clk          ; clk         ; 0.000        ; 0.521      ; 4.326      ;
; 3.620 ; btn_reset_d ; lcd_controller:LCD_DRIVER|tick                        ; clk          ; clk         ; 0.000        ; 0.518      ; 4.324      ;
; 3.621 ; btn_reset_d ; alu_value1[11]~_Duplicate_1                           ; clk          ; clk         ; 0.000        ; 0.539      ; 4.346      ;
; 3.621 ; btn_reset_d ; alu_value1[9]~_Duplicate_1                            ; clk          ; clk         ; 0.000        ; 0.539      ; 4.346      ;
; 3.621 ; btn_reset_d ; alu_value1[3]~_Duplicate_1                            ; clk          ; clk         ; 0.000        ; 0.539      ; 4.346      ;
; 3.621 ; btn_reset_d ; alu_value1[1]~_Duplicate_1                            ; clk          ; clk         ; 0.000        ; 0.539      ; 4.346      ;
; 3.621 ; btn_reset_d ; instruction_register[15]                              ; clk          ; clk         ; 0.000        ; 0.542      ; 4.349      ;
; 3.621 ; btn_reset_d ; instruction_register[16]                              ; clk          ; clk         ; 0.000        ; 0.542      ; 4.349      ;
; 3.621 ; btn_reset_d ; instruction_register[17]                              ; clk          ; clk         ; 0.000        ; 0.542      ; 4.349      ;
; 3.621 ; btn_reset_d ; instruction_register[5]                               ; clk          ; clk         ; 0.000        ; 0.542      ; 4.349      ;
; 3.621 ; btn_reset_d ; instruction_register[0]                               ; clk          ; clk         ; 0.000        ; 0.542      ; 4.349      ;
; 3.621 ; btn_reset_d ; instruction_register[1]                               ; clk          ; clk         ; 0.000        ; 0.542      ; 4.349      ;
; 3.621 ; btn_reset_d ; instruction_register[2]                               ; clk          ; clk         ; 0.000        ; 0.542      ; 4.349      ;
; 3.632 ; btn_reset_d ; alu_value1[7]~_Duplicate_1                            ; clk          ; clk         ; 0.000        ; 0.532      ; 4.350      ;
; 3.632 ; btn_reset_d ; alu_value1[5]~_Duplicate_1                            ; clk          ; clk         ; 0.000        ; 0.532      ; 4.350      ;
; 3.632 ; btn_reset_d ; alu_value2[5]~_Duplicate_1                            ; clk          ; clk         ; 0.000        ; 0.532      ; 4.350      ;
; 3.632 ; btn_reset_d ; alu_value2[2]~_Duplicate_1                            ; clk          ; clk         ; 0.000        ; 0.532      ; 4.350      ;
; 3.632 ; btn_reset_d ; alu_value2[0]~_Duplicate_1                            ; clk          ; clk         ; 0.000        ; 0.532      ; 4.350      ;
; 3.632 ; btn_reset_d ; mem_write_data[0]                                     ; clk          ; clk         ; 0.000        ; 0.531      ; 4.349      ;
; 3.632 ; btn_reset_d ; mem_write_data[1]                                     ; clk          ; clk         ; 0.000        ; 0.531      ; 4.349      ;
; 3.632 ; btn_reset_d ; mem_write_data[2]                                     ; clk          ; clk         ; 0.000        ; 0.531      ; 4.349      ;
; 3.637 ; btn_reset_d ; module_alu:ULA|resultvalue[6]                         ; clk          ; clk         ; 0.000        ; 0.529      ; 4.352      ;
; 3.637 ; btn_reset_d ; module_alu:ULA|resultvalue[5]                         ; clk          ; clk         ; 0.000        ; 0.529      ; 4.352      ;
; 3.637 ; btn_reset_d ; module_alu:ULA|resultvalue[4]                         ; clk          ; clk         ; 0.000        ; 0.529      ; 4.352      ;
; 3.637 ; btn_reset_d ; module_alu:ULA|resultvalue[3]                         ; clk          ; clk         ; 0.000        ; 0.529      ; 4.352      ;
; 3.637 ; btn_reset_d ; module_alu:ULA|resultvalue[2]                         ; clk          ; clk         ; 0.000        ; 0.529      ; 4.352      ;
; 3.637 ; btn_reset_d ; module_alu:ULA|resultvalue[1]                         ; clk          ; clk         ; 0.000        ; 0.529      ; 4.352      ;
; 3.637 ; btn_reset_d ; module_alu:ULA|resultvalue[0]                         ; clk          ; clk         ; 0.000        ; 0.529      ; 4.352      ;
; 3.641 ; btn_reset_d ; alu_value2[1]~_Duplicate_1                            ; clk          ; clk         ; 0.000        ; 0.535      ; 4.362      ;
+-------+-------------+-------------------------------------------------------+--------------+-------------+--------------+------------+------------+


-----------------------------------------------
; Slow 1200mV 85C Model Metastability Summary ;
-----------------------------------------------
Design MTBF is not calculated because the design doesn't meet its timing requirements.



+--------------------------------------------------+
; Slow 1200mV 0C Model Fmax Summary                ;
+------------+-----------------+------------+------+
; Fmax       ; Restricted Fmax ; Clock Name ; Note ;
+------------+-----------------+------------+------+
; 174.98 MHz ; 174.98 MHz      ; clk        ;      ;
+------------+-----------------+------------+------+
This panel reports FMAX for every clock in the design, regardless of the user-specified clock periods.  FMAX is only computed for paths where the source and destination registers or ports are driven by the same clock.  Paths of different clocks, including generated clocks, are ignored.  For paths between a clock and its inversion, FMAX is computed as if the rising and falling edges are scaled along with FMAX, such that the duty cycle (in terms of a percentage) is maintained. Altera recommends that you always use clock constraints and other slack reports for sign-off analysis.


+------------------------------------+
; Slow 1200mV 0C Model Setup Summary ;
+-------+--------+-------------------+
; Clock ; Slack  ; End Point TNS     ;
+-------+--------+-------------------+
; clk   ; -4.715 ; -1276.858         ;
+-------+--------+-------------------+


+-----------------------------------+
; Slow 1200mV 0C Model Hold Summary ;
+-------+-------+-------------------+
; Clock ; Slack ; End Point TNS     ;
+-------+-------+-------------------+
; clk   ; 0.338 ; 0.000             ;
+-------+-------+-------------------+


+---------------------------------------+
; Slow 1200mV 0C Model Recovery Summary ;
+-------+--------+----------------------+
; Clock ; Slack  ; End Point TNS        ;
+-------+--------+----------------------+
; clk   ; -3.385 ; -578.122             ;
+-------+--------+----------------------+


+--------------------------------------+
; Slow 1200mV 0C Model Removal Summary ;
+-------+-------+----------------------+
; Clock ; Slack ; End Point TNS        ;
+-------+-------+----------------------+
; clk   ; 3.224 ; 0.000                ;
+-------+-------+----------------------+


+--------------------------------------------------+
; Slow 1200mV 0C Model Minimum Pulse Width Summary ;
+-------+--------+---------------------------------+
; Clock ; Slack  ; End Point TNS                   ;
+-------+--------+---------------------------------+
; clk   ; -3.000 ; -641.270                        ;
+-------+--------+---------------------------------+


+-------------------------------------------------------------------------------------------------------------------------------------+
; Slow 1200mV 0C Model Setup: 'clk'                                                                                                   ;
+--------+---------------------------+--------------------------+--------------+-------------+--------------+------------+------------+
; Slack  ; From Node                 ; To Node                  ; Launch Clock ; Latch Clock ; Relationship ; Clock Skew ; Data Delay ;
+--------+---------------------------+--------------------------+--------------+-------------+--------------+------------+------------+
; -4.715 ; immediate_extended[4]     ; alu_value2[7]            ; clk          ; clk         ; 1.000        ; 0.044      ; 5.550      ;
; -4.688 ; immediate_extended[3]     ; alu_value2[15]           ; clk          ; clk         ; 1.000        ; 0.044      ; 5.523      ;
; -4.656 ; mem_read_addr_1[0]        ; alu_value1[5]            ; clk          ; clk         ; 1.000        ; 0.040      ; 5.487      ;
; -4.583 ; immediate_extended[3]     ; alu_value2[7]            ; clk          ; clk         ; 1.000        ; 0.044      ; 5.418      ;
; -4.573 ; immediate_extended[4]     ; alu_value2[3]            ; clk          ; clk         ; 1.000        ; 0.044      ; 5.408      ;
; -4.538 ; immediate_extended[4]     ; alu_value2[13]           ; clk          ; clk         ; 1.000        ; 0.044      ; 5.373      ;
; -4.531 ; mem_read_addr_1[3]        ; alu_value1[2]            ; clk          ; clk         ; 1.000        ; 0.066      ; 5.388      ;
; -4.507 ; immediate_extended[6]     ; alu_value2[4]            ; clk          ; clk         ; 1.000        ; 0.066      ; 5.364      ;
; -4.496 ; mem_read_addr_1[0]        ; alu_value1[11]           ; clk          ; clk         ; 1.000        ; 0.040      ; 5.327      ;
; -4.471 ; immediate_extended[3]     ; alu_value2[13]           ; clk          ; clk         ; 1.000        ; 0.044      ; 5.306      ;
; -4.464 ; mem_read_addr_1[2]        ; alu_value1[2]            ; clk          ; clk         ; 1.000        ; 0.066      ; 5.321      ;
; -4.452 ; immediate_extended[5]     ; alu_value2[4]            ; clk          ; clk         ; 1.000        ; 0.066      ; 5.309      ;
; -4.444 ; memory:MEMORY|ram[4][15]  ; alu_value2[15]           ; clk          ; clk         ; 1.000        ; 0.081      ; 5.316      ;
; -4.425 ; immediate_extended[3]     ; alu_value2[11]           ; clk          ; clk         ; 1.000        ; 0.044      ; 5.260      ;
; -4.422 ; memory:MEMORY|ram[10][10] ; alu_value2[10]           ; clk          ; clk         ; 1.000        ; 0.075      ; 5.288      ;
; -4.415 ; memory:MEMORY|ram[8][3]   ; alu_value2[3]            ; clk          ; clk         ; 1.000        ; 0.046      ; 5.252      ;
; -4.396 ; immediate_extended[6]     ; alu_value2[6]            ; clk          ; clk         ; 1.000        ; 0.066      ; 5.253      ;
; -4.395 ; immediate_extended[4]     ; alu_value2[15]           ; clk          ; clk         ; 1.000        ; 0.044      ; 5.230      ;
; -4.375 ; memory:MEMORY|ram[9][5]   ; alu_value2[5]            ; clk          ; clk         ; 1.000        ; 0.044      ; 5.210      ;
; -4.367 ; immediate_extended[3]     ; alu_value2[3]            ; clk          ; clk         ; 1.000        ; 0.044      ; 5.202      ;
; -4.364 ; immediate_extended[5]     ; alu_value2[5]            ; clk          ; clk         ; 1.000        ; 0.066      ; 5.221      ;
; -4.356 ; memory:MEMORY|ram[0][7]   ; alu_value2[7]            ; clk          ; clk         ; 1.000        ; 0.042      ; 5.189      ;
; -4.353 ; memory:MEMORY|ram[15][15] ; alu_value2[15]           ; clk          ; clk         ; 1.000        ; 0.026      ; 5.170      ;
; -4.347 ; mem_read_addr_1[1]        ; alu_value1[5]            ; clk          ; clk         ; 1.000        ; 0.040      ; 5.178      ;
; -4.343 ; mem_read_addr_1[1]        ; alu_value1[7]            ; clk          ; clk         ; 1.000        ; 0.040      ; 5.174      ;
; -4.341 ; memory:MEMORY|ram[0][7]   ; alu_value1[7]            ; clk          ; clk         ; 1.000        ; 0.042      ; 5.174      ;
; -4.335 ; memory:MEMORY|ram[3][7]   ; alu_value2[7]            ; clk          ; clk         ; 1.000        ; 0.079      ; 5.205      ;
; -4.331 ; immediate_extended[4]     ; alu_value2[14]           ; clk          ; clk         ; 1.000        ; 0.044      ; 5.166      ;
; -4.305 ; mem_read_addr_1[3]        ; alu_value1[10]           ; clk          ; clk         ; 1.000        ; 0.066      ; 5.162      ;
; -4.274 ; memory:MEMORY|ram[1][7]   ; alu_value1[7]            ; clk          ; clk         ; 1.000        ; 0.044      ; 5.109      ;
; -4.274 ; memory:MEMORY|ram[3][13]  ; alu_value2[13]           ; clk          ; clk         ; 1.000        ; 0.079      ; 5.144      ;
; -4.254 ; mem_read_addr_1[1]        ; alu_value1[11]           ; clk          ; clk         ; 1.000        ; 0.040      ; 5.085      ;
; -4.253 ; memory:MEMORY|ram[4][7]   ; alu_value2[7]            ; clk          ; clk         ; 1.000        ; 0.078      ; 5.122      ;
; -4.247 ; memory:MEMORY|ram[8][2]   ; alu_value1[2]            ; clk          ; clk         ; 1.000        ; 0.042      ; 5.080      ;
; -4.240 ; immediate_extended[5]     ; alu_value2[14]           ; clk          ; clk         ; 1.000        ; 0.066      ; 5.097      ;
; -4.238 ; memory:MEMORY|ram[10][5]  ; alu_value2[5]            ; clk          ; clk         ; 1.000        ; 0.040      ; 5.069      ;
; -4.228 ; immediate_extended[6]     ; alu_value2[0]            ; clk          ; clk         ; 1.000        ; 0.066      ; 5.085      ;
; -4.224 ; mem_read_addr_1[0]        ; alu_value1[1]            ; clk          ; clk         ; 1.000        ; 0.040      ; 5.055      ;
; -4.220 ; mem_write_addr[3]         ; memory:MEMORY|ram[8][6]  ; clk          ; clk         ; 1.000        ; -0.435     ; 4.784      ;
; -4.220 ; mem_write_addr[3]         ; memory:MEMORY|ram[8][5]  ; clk          ; clk         ; 1.000        ; -0.435     ; 4.784      ;
; -4.220 ; mem_write_addr[3]         ; memory:MEMORY|ram[8][2]  ; clk          ; clk         ; 1.000        ; -0.435     ; 4.784      ;
; -4.220 ; mem_write_addr[3]         ; memory:MEMORY|ram[8][4]  ; clk          ; clk         ; 1.000        ; -0.435     ; 4.784      ;
; -4.220 ; mem_write_addr[3]         ; memory:MEMORY|ram[8][7]  ; clk          ; clk         ; 1.000        ; -0.435     ; 4.784      ;
; -4.220 ; mem_write_addr[3]         ; memory:MEMORY|ram[8][8]  ; clk          ; clk         ; 1.000        ; -0.435     ; 4.784      ;
; -4.214 ; immediate_extended[4]     ; alu_value2[1]            ; clk          ; clk         ; 1.000        ; 0.044      ; 5.049      ;
; -4.212 ; memory:MEMORY|ram[10][2]  ; alu_value1[2]            ; clk          ; clk         ; 1.000        ; 0.075      ; 5.078      ;
; -4.196 ; memory:MEMORY|ram[0][3]   ; alu_value2[3]            ; clk          ; clk         ; 1.000        ; 0.042      ; 5.029      ;
; -4.194 ; mem_read_addr_1[0]        ; alu_value1[7]            ; clk          ; clk         ; 1.000        ; 0.040      ; 5.025      ;
; -4.193 ; mem_read_addr_1[0]        ; alu_value1[15]           ; clk          ; clk         ; 1.000        ; 0.040      ; 5.024      ;
; -4.181 ; mem_read_addr_1[0]        ; alu_value1[3]            ; clk          ; clk         ; 1.000        ; 0.040      ; 5.012      ;
; -4.179 ; memory:MEMORY|ram[4][11]  ; alu_value2[11]           ; clk          ; clk         ; 1.000        ; 0.081      ; 5.051      ;
; -4.177 ; immediate_extended[4]     ; alu_value2[5]            ; clk          ; clk         ; 1.000        ; 0.044      ; 5.012      ;
; -4.177 ; immediate_extended[6]     ; alu_value2[2]            ; clk          ; clk         ; 1.000        ; 0.066      ; 5.034      ;
; -4.171 ; memory:MEMORY|ram[10][5]  ; alu_value1[5]            ; clk          ; clk         ; 1.000        ; 0.040      ; 5.002      ;
; -4.169 ; memory:MEMORY|ram[1][7]   ; alu_value2[7]            ; clk          ; clk         ; 1.000        ; 0.044      ; 5.004      ;
; -4.160 ; mem_read_addr_1[3]        ; alu_value1[8]            ; clk          ; clk         ; 1.000        ; 0.066      ; 5.017      ;
; -4.160 ; memory:MEMORY|ram[4][3]   ; alu_value2[3]            ; clk          ; clk         ; 1.000        ; 0.078      ; 5.029      ;
; -4.157 ; memory:MEMORY|ram[14][2]  ; alu_value1[2]            ; clk          ; clk         ; 1.000        ; 0.075      ; 5.023      ;
; -4.153 ; immediate_extended[6]     ; alu_value2[14]           ; clk          ; clk         ; 1.000        ; 0.066      ; 5.010      ;
; -4.150 ; memory:MEMORY|ram[1][2]   ; alu_value1[2]            ; clk          ; clk         ; 1.000        ; 0.074      ; 5.015      ;
; -4.148 ; immediate_extended[5]     ; alu_value2[8]            ; clk          ; clk         ; 1.000        ; 0.066      ; 5.005      ;
; -4.147 ; mem_write_addr[3]         ; memory:MEMORY|ram[8][1]  ; clk          ; clk         ; 1.000        ; -0.439     ; 4.707      ;
; -4.147 ; mem_write_addr[3]         ; memory:MEMORY|ram[8][15] ; clk          ; clk         ; 1.000        ; -0.439     ; 4.707      ;
; -4.147 ; mem_write_addr[3]         ; memory:MEMORY|ram[8][3]  ; clk          ; clk         ; 1.000        ; -0.439     ; 4.707      ;
; -4.147 ; mem_write_addr[3]         ; memory:MEMORY|ram[8][10] ; clk          ; clk         ; 1.000        ; -0.439     ; 4.707      ;
; -4.147 ; mem_write_addr[3]         ; memory:MEMORY|ram[8][11] ; clk          ; clk         ; 1.000        ; -0.439     ; 4.707      ;
; -4.147 ; mem_write_addr[3]         ; memory:MEMORY|ram[8][13] ; clk          ; clk         ; 1.000        ; -0.439     ; 4.707      ;
; -4.147 ; mem_write_addr[3]         ; memory:MEMORY|ram[8][14] ; clk          ; clk         ; 1.000        ; -0.439     ; 4.707      ;
; -4.137 ; immediate_extended[4]     ; alu_value2[10]           ; clk          ; clk         ; 1.000        ; 0.044      ; 4.972      ;
; -4.129 ; immediate_extended[4]     ; alu_value2[11]           ; clk          ; clk         ; 1.000        ; 0.044      ; 4.964      ;
; -4.123 ; memory:MEMORY|ram[11][14] ; alu_value2[14]           ; clk          ; clk         ; 1.000        ; 0.085      ; 4.999      ;
; -4.122 ; mem_read_addr_1[2]        ; alu_value1[10]           ; clk          ; clk         ; 1.000        ; 0.066      ; 4.979      ;
; -4.121 ; memory:MEMORY|ram[5][2]   ; alu_value1[2]            ; clk          ; clk         ; 1.000        ; 0.074      ; 4.986      ;
; -4.113 ; mem_read_addr_1[1]        ; alu_value1[1]            ; clk          ; clk         ; 1.000        ; 0.040      ; 4.944      ;
; -4.106 ; mem_read_addr_1[0]        ; alu_value1[13]           ; clk          ; clk         ; 1.000        ; 0.040      ; 4.937      ;
; -4.105 ; memory:MEMORY|ram[0][13]  ; alu_value2[13]           ; clk          ; clk         ; 1.000        ; 0.079      ; 4.975      ;
; -4.095 ; mem_read_addr_1[2]        ; alu_value1[8]            ; clk          ; clk         ; 1.000        ; 0.066      ; 4.952      ;
; -4.093 ; immediate_extended[5]     ; alu_value2[6]            ; clk          ; clk         ; 1.000        ; 0.066      ; 4.950      ;
; -4.088 ; immediate_extended[4]     ; alu_value2[9]            ; clk          ; clk         ; 1.000        ; 0.044      ; 4.923      ;
; -4.083 ; memory:MEMORY|ram[9][1]   ; alu_value1[1]            ; clk          ; clk         ; 1.000        ; 0.044      ; 4.918      ;
; -4.071 ; immediate_extended[5]     ; alu_value2[2]            ; clk          ; clk         ; 1.000        ; 0.066      ; 4.928      ;
; -4.068 ; memory:MEMORY|ram[15][8]  ; alu_value1[8]            ; clk          ; clk         ; 1.000        ; 0.026      ; 4.885      ;
; -4.062 ; mem_read_addr_1[1]        ; alu_value1[15]           ; clk          ; clk         ; 1.000        ; 0.040      ; 4.893      ;
; -4.058 ; memory:MEMORY|ram[9][13]  ; alu_value1[13]           ; clk          ; clk         ; 1.000        ; 0.044      ; 4.893      ;
; -4.058 ; memory:MEMORY|ram[0][6]   ; alu_value2[6]            ; clk          ; clk         ; 1.000        ; 0.066      ; 4.915      ;
; -4.056 ; memory:MEMORY|ram[12][6]  ; alu_value2[6]            ; clk          ; clk         ; 1.000        ; 0.042      ; 4.889      ;
; -4.041 ; memory:MEMORY|ram[8][13]  ; alu_value2[13]           ; clk          ; clk         ; 1.000        ; 0.046      ; 4.878      ;
; -4.039 ; memory:MEMORY|ram[11][7]  ; alu_value1[7]            ; clk          ; clk         ; 1.000        ; 0.048      ; 4.878      ;
; -4.024 ; memory:MEMORY|ram[0][15]  ; alu_value2[15]           ; clk          ; clk         ; 1.000        ; 0.079      ; 4.894      ;
; -4.022 ; memory:MEMORY|ram[6][11]  ; alu_value1[11]           ; clk          ; clk         ; 1.000        ; 0.077      ; 4.890      ;
; -4.022 ; memory:MEMORY|ram[0][4]   ; alu_value2[4]            ; clk          ; clk         ; 1.000        ; 0.066      ; 4.879      ;
; -4.021 ; mem_read_addr_1[3]        ; alu_value1[12]           ; clk          ; clk         ; 1.000        ; 0.066      ; 4.878      ;
; -4.021 ; mem_read_addr_1[3]        ; alu_value1[4]            ; clk          ; clk         ; 1.000        ; 0.066      ; 4.878      ;
; -4.018 ; immediate_extended[5]     ; alu_value2[0]            ; clk          ; clk         ; 1.000        ; 0.066      ; 4.875      ;
; -4.004 ; mem_write_addr[3]         ; memory:MEMORY|ram[0][15] ; clk          ; clk         ; 1.000        ; -0.429     ; 4.574      ;
; -4.004 ; mem_write_addr[3]         ; memory:MEMORY|ram[0][13] ; clk          ; clk         ; 1.000        ; -0.429     ; 4.574      ;
; -4.004 ; mem_write_addr[3]         ; memory:MEMORY|ram[0][14] ; clk          ; clk         ; 1.000        ; -0.429     ; 4.574      ;
; -3.999 ; memory:MEMORY|ram[8][15]  ; alu_value2[15]           ; clk          ; clk         ; 1.000        ; 0.046      ; 4.836      ;
; -3.997 ; immediate_extended[6]     ; alu_value2[8]            ; clk          ; clk         ; 1.000        ; 0.066      ; 4.854      ;
; -3.994 ; memory:MEMORY|ram[8][9]   ; alu_value2[9]            ; clk          ; clk         ; 1.000        ; -0.335     ; 4.450      ;
+--------+---------------------------+--------------------------+--------------+-------------+--------------+------------+------------+


+---------------------------------------------------------------------------------------------------------------------------------------------------------------------------------------------+
; Slow 1200mV 0C Model Hold: 'clk'                                                                                                                                                            ;
+-------+-------------------------------------------------------+-------------------------------------------------------+--------------+-------------+--------------+------------+------------+
; Slack ; From Node                                             ; To Node                                               ; Launch Clock ; Latch Clock ; Relationship ; Clock Skew ; Data Delay ;
+-------+-------------------------------------------------------+-------------------------------------------------------+--------------+-------------+--------------+------------+------------+
; 0.338 ; current_state.STATE_ALU_WAIT                          ; current_state.STATE_ALU_WAIT                          ; clk          ; clk         ; 0.000        ; 0.088      ; 0.597      ;
; 0.338 ; alu_operation_enabled                                 ; alu_operation_enabled                                 ; clk          ; clk         ; 0.000        ; 0.088      ; 0.597      ;
; 0.339 ; current_state.STATE_IDLE                              ; current_state.STATE_IDLE                              ; clk          ; clk         ; 0.000        ; 0.087      ; 0.597      ;
; 0.339 ; current_state.STATE_POWERED_OFF                       ; current_state.STATE_POWERED_OFF                       ; clk          ; clk         ; 0.000        ; 0.087      ; 0.597      ;
; 0.339 ; lcd_controller:LCD_DRIVER|estado_atual.ST_default     ; lcd_controller:LCD_DRIVER|estado_atual.ST_default     ; clk          ; clk         ; 0.000        ; 0.087      ; 0.597      ;
; 0.339 ; lcd_controller:LCD_DRIVER|estado_atual.ST_feito       ; lcd_controller:LCD_DRIVER|estado_atual.ST_feito       ; clk          ; clk         ; 0.000        ; 0.087      ; 0.597      ;
; 0.339 ; lcd_controller:LCD_DRIVER|estado_atual.ST_escrever_L2 ; lcd_controller:LCD_DRIVER|estado_atual.ST_escrever_L2 ; clk          ; clk         ; 0.000        ; 0.087      ; 0.597      ;
; 0.339 ; lcd_controller:LCD_DRIVER|char_index[2]               ; lcd_controller:LCD_DRIVER|char_index[2]               ; clk          ; clk         ; 0.000        ; 0.087      ; 0.597      ;
; 0.339 ; lcd_controller:LCD_DRIVER|char_index[3]               ; lcd_controller:LCD_DRIVER|char_index[3]               ; clk          ; clk         ; 0.000        ; 0.087      ; 0.597      ;
; 0.339 ; lcd_controller:LCD_DRIVER|char_index[1]               ; lcd_controller:LCD_DRIVER|char_index[1]               ; clk          ; clk         ; 0.000        ; 0.087      ; 0.597      ;
; 0.342 ; lcd_controller:LCD_DRIVER|estado_atual.ST_wait_clr1   ; lcd_controller:LCD_DRIVER|estado_atual.ST_wait_clr2   ; clk          ; clk         ; 0.000        ; 0.466      ; 0.979      ;
; 0.349 ; module_alu:ULA|estado_atual                           ; module_alu:ULA|estado_atual                           ; clk          ; clk         ; 0.000        ; 0.088      ; 0.608      ;
; 0.350 ; lcd_controller:LCD_DRIVER|char_index[0]               ; lcd_controller:LCD_DRIVER|char_index[0]               ; clk          ; clk         ; 0.000        ; 0.087      ; 0.608      ;
; 0.354 ; ON~reg0                                               ; ON~reg0                                               ; clk          ; clk         ; 0.000        ; 0.072      ; 0.597      ;
; 0.355 ; mem_write_enabled                                     ; mem_write_enabled                                     ; clk          ; clk         ; 0.000        ; 0.071      ; 0.597      ;
; 0.355 ; mem_clear                                             ; mem_clear                                             ; clk          ; clk         ; 0.000        ; 0.071      ; 0.597      ;
; 0.355 ; current_state.STATE_MEM_WAIT                          ; current_state.STATE_MEM_WAIT                          ; clk          ; clk         ; 0.000        ; 0.071      ; 0.597      ;
; 0.356 ; lcd_controller:LCD_DRIVER|estado_atual.ST_escrever_L1 ; lcd_controller:LCD_DRIVER|estado_atual.ST_escrever_L1 ; clk          ; clk         ; 0.000        ; 0.070      ; 0.597      ;
; 0.366 ; memory:MEMORY|estado_atual                            ; memory:MEMORY|estado_atual                            ; clk          ; clk         ; 0.000        ; 0.071      ; 0.608      ;
; 0.370 ; module_alu:ULA|operationdone                          ; current_state.STATE_ALU_WAIT                          ; clk          ; clk         ; 0.000        ; 0.088      ; 0.629      ;
; 0.373 ; lcd_controller:LCD_DRIVER|clk_counter[19]             ; lcd_controller:LCD_DRIVER|clk_counter[19]             ; clk          ; clk         ; 0.000        ; 0.086      ; 0.630      ;
; 0.382 ; alu_operation_enabled                                 ; module_alu:ULA|estado_atual                           ; clk          ; clk         ; 0.000        ; 0.088      ; 0.641      ;
; 0.387 ; memory:MEMORY|writedone                               ; current_state.STATE_MEM_WAIT                          ; clk          ; clk         ; 0.000        ; 0.071      ; 0.629      ;
; 0.388 ; module_alu:ULA|operationdone                          ; current_state.STATE_MEM_WRITE                         ; clk          ; clk         ; 0.000        ; 0.088      ; 0.647      ;
; 0.404 ; memory:MEMORY|writedone                               ; current_state.STATE_LCD_UPDATE                        ; clk          ; clk         ; 0.000        ; 0.071      ; 0.646      ;
; 0.418 ; memory:MEMORY|estado_atual                            ; memory:MEMORY|writedone                               ; clk          ; clk         ; 0.000        ; 0.071      ; 0.660      ;
; 0.422 ; lcd_controller:LCD_DRIVER|estado_atual.ST_escrever_L1 ; lcd_controller:LCD_DRIVER|char_index[0]               ; clk          ; clk         ; 0.000        ; 0.470      ; 1.063      ;
; 0.427 ; lcd_controller:LCD_DRIVER|estado_atual.ST_escrever_L1 ; lcd_controller:LCD_DRIVER|char_index[1]               ; clk          ; clk         ; 0.000        ; 0.470      ; 1.068      ;
; 0.502 ; btn_enviar_d                                          ; current_state.STATE_FETCH                             ; clk          ; clk         ; 0.000        ; 0.087      ; 0.760      ;
; 0.518 ; opcode[0]                                             ; alu_value2[8]~_Duplicate_1                            ; clk          ; clk         ; 0.000        ; 0.498      ; 1.187      ;
; 0.532 ; current_state.STATE_ALU_WAIT                          ; current_state.STATE_MEM_WRITE                         ; clk          ; clk         ; 0.000        ; 0.088      ; 0.791      ;
; 0.548 ; lcd_controller:LCD_DRIVER|estado_atual.ST_mover_L2    ; lcd_controller:LCD_DRIVER|estado_atual.ST_escrever_L2 ; clk          ; clk         ; 0.000        ; 0.087      ; 0.806      ;
; 0.572 ; lcd_controller:LCD_DRIVER|clk_counter[13]             ; lcd_controller:LCD_DRIVER|clk_counter[13]             ; clk          ; clk         ; 0.000        ; 0.086      ; 0.829      ;
; 0.573 ; lcd_controller:LCD_DRIVER|clk_counter[11]             ; lcd_controller:LCD_DRIVER|clk_counter[11]             ; clk          ; clk         ; 0.000        ; 0.086      ; 0.830      ;
; 0.575 ; lcd_controller:LCD_DRIVER|clk_counter[16]             ; lcd_controller:LCD_DRIVER|clk_counter[16]             ; clk          ; clk         ; 0.000        ; 0.086      ; 0.832      ;
; 0.576 ; lcd_controller:LCD_DRIVER|clk_counter[12]             ; lcd_controller:LCD_DRIVER|clk_counter[12]             ; clk          ; clk         ; 0.000        ; 0.086      ; 0.833      ;
; 0.577 ; lcd_controller:LCD_DRIVER|clk_counter[17]             ; lcd_controller:LCD_DRIVER|clk_counter[17]             ; clk          ; clk         ; 0.000        ; 0.086      ; 0.834      ;
; 0.578 ; lcd_controller:LCD_DRIVER|estado_atual.ST_clr         ; lcd_controller:LCD_DRIVER|estado_atual.ST_wait_clr1   ; clk          ; clk         ; 0.000        ; 0.070      ; 0.819      ;
; 0.579 ; lcd_controller:LCD_DRIVER|clk_counter[18]             ; lcd_controller:LCD_DRIVER|clk_counter[18]             ; clk          ; clk         ; 0.000        ; 0.086      ; 0.836      ;
; 0.581 ; lcd_controller:LCD_DRIVER|clk_counter[3]              ; lcd_controller:LCD_DRIVER|clk_counter[3]              ; clk          ; clk         ; 0.000        ; 0.087      ; 0.839      ;
; 0.582 ; lcd_controller:LCD_DRIVER|clk_counter[1]              ; lcd_controller:LCD_DRIVER|clk_counter[1]              ; clk          ; clk         ; 0.000        ; 0.087      ; 0.840      ;
; 0.583 ; lcd_controller:LCD_DRIVER|clk_counter[2]              ; lcd_controller:LCD_DRIVER|clk_counter[2]              ; clk          ; clk         ; 0.000        ; 0.087      ; 0.841      ;
; 0.584 ; lcd_controller:LCD_DRIVER|clk_counter[5]              ; lcd_controller:LCD_DRIVER|clk_counter[5]              ; clk          ; clk         ; 0.000        ; 0.087      ; 0.842      ;
; 0.589 ; lcd_controller:LCD_DRIVER|clk_counter[10]             ; lcd_controller:LCD_DRIVER|clk_counter[10]             ; clk          ; clk         ; 0.000        ; 0.086      ; 0.846      ;
; 0.590 ; lcd_controller:LCD_DRIVER|clk_counter[7]              ; lcd_controller:LCD_DRIVER|clk_counter[7]              ; clk          ; clk         ; 0.000        ; 0.087      ; 0.848      ;
; 0.590 ; mem_write_enabled                                     ; memory:MEMORY|estado_atual                            ; clk          ; clk         ; 0.000        ; 0.071      ; 0.832      ;
; 0.594 ; btn_ligar_d                                           ; current_state.STATE_POWERED_OFF                       ; clk          ; clk         ; 0.000        ; 0.087      ; 0.852      ;
; 0.598 ; immediate_extended[2]                                 ; mem_write_data[2]                                     ; clk          ; clk         ; 0.000        ; 0.453      ; 1.222      ;
; 0.598 ; lcd_controller:LCD_DRIVER|estado_atual.ST_escrever_L1 ; lcd_controller:LCD_DRIVER|estado_atual.ST_mover_L2    ; clk          ; clk         ; 0.000        ; 0.466      ; 1.235      ;
; 0.598 ; current_state.STATE_MEM_WAIT                          ; current_state.STATE_LCD_UPDATE                        ; clk          ; clk         ; 0.000        ; 0.071      ; 0.840      ;
; 0.602 ; immediate_extended[1]                                 ; mem_write_data[1]                                     ; clk          ; clk         ; 0.000        ; 0.453      ; 1.226      ;
; 0.611 ; opcode[2]                                             ; alu_value2[8]~_Duplicate_1                            ; clk          ; clk         ; 0.000        ; 0.498      ; 1.280      ;
; 0.612 ; lcd_controller:LCD_DRIVER|clk_counter[0]              ; lcd_controller:LCD_DRIVER|clk_counter[0]              ; clk          ; clk         ; 0.000        ; 0.087      ; 0.870      ;
; 0.644 ; current_state.STATE_IDLE                              ; current_state.STATE_POWERED_OFF                       ; clk          ; clk         ; 0.000        ; 0.087      ; 0.902      ;
; 0.648 ; current_state.STATE_MEM_WRITE                         ; alu_operation_enabled                                 ; clk          ; clk         ; 0.000        ; 0.088      ; 0.907      ;
; 0.651 ; current_state.STATE_IDLE                              ; current_state.STATE_FETCH                             ; clk          ; clk         ; 0.000        ; 0.087      ; 0.909      ;
; 0.662 ; immediate_extended[0]                                 ; mem_write_data[0]                                     ; clk          ; clk         ; 0.000        ; 0.453      ; 1.286      ;
; 0.662 ; lcd_controller:LCD_DRIVER|estado_atual.ST_feito       ; lcd_controller:LCD_DRIVER|estado_atual.ST_default     ; clk          ; clk         ; 0.000        ; 0.087      ; 0.920      ;
; 0.662 ; mem_clear                                             ; memory:MEMORY|writedone                               ; clk          ; clk         ; 0.000        ; 0.071      ; 0.904      ;
; 0.665 ; lcd_controller:LCD_DRIVER|char_index[2]               ; lcd_controller:LCD_DRIVER|char_index[3]               ; clk          ; clk         ; 0.000        ; 0.087      ; 0.923      ;
; 0.679 ; module_alu:ULA|estado_atual                           ; module_alu:ULA|operationdone                          ; clk          ; clk         ; 0.000        ; 0.088      ; 0.938      ;
; 0.689 ; lcd_controller:LCD_DRIVER|char_index[0]               ; lcd_controller:LCD_DRIVER|char_index[2]               ; clk          ; clk         ; 0.000        ; 0.087      ; 0.947      ;
; 0.692 ; opcode[2]                                             ; alu_value2[11]~_Duplicate_1                           ; clk          ; clk         ; 0.000        ; 0.498      ; 1.361      ;
; 0.696 ; lcd_controller:LCD_DRIVER|char_index[1]               ; lcd_controller:LCD_DRIVER|char_index[2]               ; clk          ; clk         ; 0.000        ; 0.087      ; 0.954      ;
; 0.697 ; lcd_controller:LCD_DRIVER|estado_atual.ST_wait_clr2   ; lcd_controller:LCD_DRIVER|estado_atual.ST_avancar     ; clk          ; clk         ; 0.000        ; 0.087      ; 0.955      ;
; 0.700 ; opcode[0]                                             ; alu_value2[7]~_Duplicate_1                            ; clk          ; clk         ; 0.000        ; 0.471      ; 1.342      ;
; 0.701 ; opcode[0]                                             ; alu_value2[4]~_Duplicate_1                            ; clk          ; clk         ; 0.000        ; 0.471      ; 1.343      ;
; 0.702 ; opcode[0]                                             ; alu_value2[9]~_Duplicate_1                            ; clk          ; clk         ; 0.000        ; 0.471      ; 1.344      ;
; 0.704 ; opcode[0]                                             ; alu_value2[13]~_Duplicate_1                           ; clk          ; clk         ; 0.000        ; 0.471      ; 1.346      ;
; 0.705 ; opcode[0]                                             ; alu_value2[12]~_Duplicate_1                           ; clk          ; clk         ; 0.000        ; 0.471      ; 1.347      ;
; 0.708 ; opcode[0]                                             ; alu_value2[6]~_Duplicate_1                            ; clk          ; clk         ; 0.000        ; 0.471      ; 1.350      ;
; 0.708 ; lcd_controller:LCD_DRIVER|estado_atual.ST_init2       ; lcd_controller:LCD_DRIVER|estado_atual.ST_init3       ; clk          ; clk         ; 0.000        ; 0.087      ; 0.966      ;
; 0.709 ; opcode[0]                                             ; alu_value2[15]~_Duplicate_1                           ; clk          ; clk         ; 0.000        ; 0.471      ; 1.351      ;
; 0.710 ; opcode[0]                                             ; alu_value2[3]~_Duplicate_1                            ; clk          ; clk         ; 0.000        ; 0.471      ; 1.352      ;
; 0.722 ; module_alu:ULA|resultvalue[1]                         ; mem_write_data[1]                                     ; clk          ; clk         ; 0.000        ; 0.088      ; 0.981      ;
; 0.743 ; instruction_register[7]                               ; mem_read_addr_1[0]                                    ; clk          ; clk         ; 0.000        ; -0.274     ; 0.640      ;
; 0.758 ; lcd_controller:LCD_DRIVER|estado_atual.ST_default     ; lcd_controller:LCD_DRIVER|estado_atual.ST_init1       ; clk          ; clk         ; 0.000        ; 0.087      ; 1.016      ;
; 0.759 ; lcd_controller:LCD_DRIVER|estado_atual.ST_escrever_L1 ; lcd_controller:LCD_DRIVER|char_index[2]               ; clk          ; clk         ; 0.000        ; 0.470      ; 1.400      ;
; 0.759 ; lcd_controller:LCD_DRIVER|estado_atual.ST_escrever_L1 ; lcd_controller:LCD_DRIVER|char_index[3]               ; clk          ; clk         ; 0.000        ; 0.470      ; 1.400      ;
; 0.765 ; current_state.STATE_ALU_START                         ; alu_operation_enabled                                 ; clk          ; clk         ; 0.000        ; 0.079      ; 1.015      ;
; 0.773 ; opcode[0]                                             ; mem_write_data[13]                                    ; clk          ; clk         ; 0.000        ; 0.473      ; 1.417      ;
; 0.774 ; module_alu:ULA|resultvalue[2]                         ; mem_write_data[2]                                     ; clk          ; clk         ; 0.000        ; 0.088      ; 1.033      ;
; 0.775 ; opcode[0]                                             ; mem_write_data[14]                                    ; clk          ; clk         ; 0.000        ; 0.473      ; 1.419      ;
; 0.776 ; opcode[0]                                             ; mem_write_data[12]                                    ; clk          ; clk         ; 0.000        ; 0.473      ; 1.420      ;
; 0.777 ; opcode[0]                                             ; mem_write_data[15]                                    ; clk          ; clk         ; 0.000        ; 0.473      ; 1.421      ;
; 0.779 ; opcode[0]                                             ; mem_write_data[10]                                    ; clk          ; clk         ; 0.000        ; 0.473      ; 1.423      ;
; 0.779 ; opcode[0]                                             ; mem_write_data[9]                                     ; clk          ; clk         ; 0.000        ; 0.473      ; 1.423      ;
; 0.780 ; opcode[0]                                             ; mem_write_data[8]                                     ; clk          ; clk         ; 0.000        ; 0.473      ; 1.424      ;
; 0.780 ; mem_clear                                             ; memory:MEMORY|estado_atual                            ; clk          ; clk         ; 0.000        ; 0.071      ; 1.022      ;
; 0.781 ; lcd_controller:LCD_DRIVER|clk_counter[10]             ; lcd_controller:LCD_DRIVER|LCD_EN                      ; clk          ; clk         ; 0.000        ; 0.086      ; 1.038      ;
; 0.783 ; opcode[1]                                             ; mem_write_data[7]                                     ; clk          ; clk         ; 0.000        ; 0.473      ; 1.427      ;
; 0.793 ; instruction_register[16]                              ; opcode[1]                                             ; clk          ; clk         ; 0.000        ; -0.305     ; 0.659      ;
; 0.800 ; instruction_register[17]                              ; opcode[2]                                             ; clk          ; clk         ; 0.000        ; -0.305     ; 0.666      ;
; 0.801 ; instruction_register[15]                              ; opcode[0]                                             ; clk          ; clk         ; 0.000        ; -0.305     ; 0.667      ;
; 0.802 ; lcd_controller:LCD_DRIVER|estado_atual.ST_iniciar     ; lcd_controller:LCD_DRIVER|estado_atual.ST_clr         ; clk          ; clk         ; 0.000        ; -0.309     ; 0.664      ;
; 0.809 ; current_state.STATE_POWERED_OFF                       ; current_state.STATE_IDLE                              ; clk          ; clk         ; 0.000        ; 0.087      ; 1.067      ;
; 0.814 ; current_state.STATE_MEM_WAIT                          ; mem_clear                                             ; clk          ; clk         ; 0.000        ; 0.071      ; 1.056      ;
; 0.817 ; current_state.STATE_MEM_WAIT                          ; mem_write_enabled                                     ; clk          ; clk         ; 0.000        ; 0.071      ; 1.059      ;
; 0.818 ; btn_ligar_d                                           ; current_state.STATE_FETCH                             ; clk          ; clk         ; 0.000        ; 0.087      ; 1.076      ;
; 0.823 ; instruction_register[16]                              ; current_state.STATE_ALU_START                         ; clk          ; clk         ; 0.000        ; 0.111      ; 1.105      ;
+-------+-------------------------------------------------------+-------------------------------------------------------+--------------+-------------+--------------+------------+------------+


+----------------------------------------------------------------------------------------------------------------------------------------------------+
; Slow 1200mV 0C Model Recovery: 'clk'                                                                                                               ;
+--------+-------------+-------------------------------------------------------+--------------+-------------+--------------+------------+------------+
; Slack  ; From Node   ; To Node                                               ; Launch Clock ; Latch Clock ; Relationship ; Clock Skew ; Data Delay ;
+--------+-------------+-------------------------------------------------------+--------------+-------------+--------------+------------+------------+
; -3.385 ; btn_reset_d ; alu_value2[14]                                        ; clk          ; clk         ; 1.000        ; 0.048      ; 4.224      ;
; -3.385 ; btn_reset_d ; alu_value1[14]                                        ; clk          ; clk         ; 1.000        ; 0.048      ; 4.224      ;
; -3.385 ; btn_reset_d ; alu_value1[13]                                        ; clk          ; clk         ; 1.000        ; 0.048      ; 4.224      ;
; -3.385 ; btn_reset_d ; alu_value2[13]                                        ; clk          ; clk         ; 1.000        ; 0.048      ; 4.224      ;
; -3.385 ; btn_reset_d ; alu_value1[11]                                        ; clk          ; clk         ; 1.000        ; 0.048      ; 4.224      ;
; -3.385 ; btn_reset_d ; alu_value2[11]                                        ; clk          ; clk         ; 1.000        ; 0.048      ; 4.224      ;
; -3.385 ; btn_reset_d ; alu_value1[10]                                        ; clk          ; clk         ; 1.000        ; 0.048      ; 4.224      ;
; -3.385 ; btn_reset_d ; alu_value2[10]                                        ; clk          ; clk         ; 1.000        ; 0.048      ; 4.224      ;
; -3.385 ; btn_reset_d ; alu_value1[9]                                         ; clk          ; clk         ; 1.000        ; 0.048      ; 4.224      ;
; -3.385 ; btn_reset_d ; alu_value2[9]                                         ; clk          ; clk         ; 1.000        ; 0.048      ; 4.224      ;
; -3.385 ; btn_reset_d ; alu_value2[8]                                         ; clk          ; clk         ; 1.000        ; 0.048      ; 4.224      ;
; -3.385 ; btn_reset_d ; alu_value1[8]                                         ; clk          ; clk         ; 1.000        ; 0.048      ; 4.224      ;
; -3.385 ; btn_reset_d ; alu_value2[7]                                         ; clk          ; clk         ; 1.000        ; 0.048      ; 4.224      ;
; -3.385 ; btn_reset_d ; alu_value1[7]                                         ; clk          ; clk         ; 1.000        ; 0.048      ; 4.224      ;
; -3.385 ; btn_reset_d ; alu_value2[6]                                         ; clk          ; clk         ; 1.000        ; 0.048      ; 4.224      ;
; -3.385 ; btn_reset_d ; alu_value1[6]                                         ; clk          ; clk         ; 1.000        ; 0.048      ; 4.224      ;
; -3.385 ; btn_reset_d ; alu_value1[5]                                         ; clk          ; clk         ; 1.000        ; 0.048      ; 4.224      ;
; -3.385 ; btn_reset_d ; alu_value2[5]                                         ; clk          ; clk         ; 1.000        ; 0.048      ; 4.224      ;
; -3.385 ; btn_reset_d ; alu_value1[4]                                         ; clk          ; clk         ; 1.000        ; 0.048      ; 4.224      ;
; -3.385 ; btn_reset_d ; alu_value2[4]                                         ; clk          ; clk         ; 1.000        ; 0.048      ; 4.224      ;
; -3.385 ; btn_reset_d ; alu_value1[3]                                         ; clk          ; clk         ; 1.000        ; 0.048      ; 4.224      ;
; -3.385 ; btn_reset_d ; alu_value2[3]                                         ; clk          ; clk         ; 1.000        ; 0.048      ; 4.224      ;
; -3.385 ; btn_reset_d ; alu_value2[2]                                         ; clk          ; clk         ; 1.000        ; 0.048      ; 4.224      ;
; -3.385 ; btn_reset_d ; alu_value1[2]                                         ; clk          ; clk         ; 1.000        ; 0.048      ; 4.224      ;
; -3.385 ; btn_reset_d ; alu_value1[1]                                         ; clk          ; clk         ; 1.000        ; 0.048      ; 4.224      ;
; -3.385 ; btn_reset_d ; alu_value2[1]                                         ; clk          ; clk         ; 1.000        ; 0.048      ; 4.224      ;
; -3.385 ; btn_reset_d ; alu_value1[15]                                        ; clk          ; clk         ; 1.000        ; 0.048      ; 4.224      ;
; -3.385 ; btn_reset_d ; alu_value1[12]                                        ; clk          ; clk         ; 1.000        ; 0.048      ; 4.224      ;
; -3.385 ; btn_reset_d ; alu_value1[0]                                         ; clk          ; clk         ; 1.000        ; 0.048      ; 4.224      ;
; -3.385 ; btn_reset_d ; alu_value2[0]                                         ; clk          ; clk         ; 1.000        ; 0.048      ; 4.224      ;
; -3.385 ; btn_reset_d ; alu_value2[15]                                        ; clk          ; clk         ; 1.000        ; 0.048      ; 4.224      ;
; -3.385 ; btn_reset_d ; alu_value2[12]                                        ; clk          ; clk         ; 1.000        ; 0.048      ; 4.224      ;
; -3.180 ; btn_reset_d ; opcode[0]                                             ; clk          ; clk         ; 1.000        ; -0.080     ; 4.099      ;
; -3.180 ; btn_reset_d ; opcode[1]                                             ; clk          ; clk         ; 1.000        ; -0.080     ; 4.099      ;
; -3.180 ; btn_reset_d ; opcode[2]                                             ; clk          ; clk         ; 1.000        ; -0.080     ; 4.099      ;
; -3.180 ; btn_reset_d ; current_state.STATE_MEM_WAIT                          ; clk          ; clk         ; 1.000        ; -0.085     ; 4.094      ;
; -3.180 ; btn_reset_d ; mem_clear                                             ; clk          ; clk         ; 1.000        ; -0.085     ; 4.094      ;
; -3.180 ; btn_reset_d ; mem_write_enabled                                     ; clk          ; clk         ; 1.000        ; -0.085     ; 4.094      ;
; -3.180 ; btn_reset_d ; memory:MEMORY|estado_atual                            ; clk          ; clk         ; 1.000        ; -0.085     ; 4.094      ;
; -3.180 ; btn_reset_d ; current_state.STATE_LCD_UPDATE                        ; clk          ; clk         ; 1.000        ; -0.085     ; 4.094      ;
; -3.180 ; btn_reset_d ; immediate_extended[0]                                 ; clk          ; clk         ; 1.000        ; -0.080     ; 4.099      ;
; -3.180 ; btn_reset_d ; immediate_extended[1]                                 ; clk          ; clk         ; 1.000        ; -0.080     ; 4.099      ;
; -3.180 ; btn_reset_d ; immediate_extended[2]                                 ; clk          ; clk         ; 1.000        ; -0.080     ; 4.099      ;
; -3.179 ; btn_reset_d ; lcd_controller:LCD_DRIVER|estado_atual.ST_clr         ; clk          ; clk         ; 1.000        ; -0.103     ; 4.075      ;
; -3.179 ; btn_reset_d ; lcd_controller:LCD_DRIVER|estado_atual.ST_wait_clr1   ; clk          ; clk         ; 1.000        ; -0.103     ; 4.075      ;
; -3.179 ; btn_reset_d ; lcd_controller:LCD_DRIVER|estado_atual.ST_escrever_L1 ; clk          ; clk         ; 1.000        ; -0.103     ; 4.075      ;
; -3.169 ; btn_reset_d ; mem_read_addr_1[2]                                    ; clk          ; clk         ; 1.000        ; -0.089     ; 4.079      ;
; -3.169 ; btn_reset_d ; mem_read_addr_1[3]                                    ; clk          ; clk         ; 1.000        ; -0.089     ; 4.079      ;
; -3.169 ; btn_reset_d ; immediate_extended[6]                                 ; clk          ; clk         ; 1.000        ; -0.089     ; 4.079      ;
; -3.169 ; btn_reset_d ; immediate_extended[5]                                 ; clk          ; clk         ; 1.000        ; -0.089     ; 4.079      ;
; -3.159 ; btn_reset_d ; mem_read_addr_1[0]                                    ; clk          ; clk         ; 1.000        ; -0.064     ; 4.094      ;
; -3.159 ; btn_reset_d ; mem_read_addr_1[1]                                    ; clk          ; clk         ; 1.000        ; -0.064     ; 4.094      ;
; -3.159 ; btn_reset_d ; immediate_extended[3]                                 ; clk          ; clk         ; 1.000        ; -0.068     ; 4.090      ;
; -3.159 ; btn_reset_d ; r_dest[3]                                             ; clk          ; clk         ; 1.000        ; -0.064     ; 4.094      ;
; -3.159 ; btn_reset_d ; r_dest[2]                                             ; clk          ; clk         ; 1.000        ; -0.064     ; 4.094      ;
; -3.159 ; btn_reset_d ; r_dest[0]                                             ; clk          ; clk         ; 1.000        ; -0.064     ; 4.094      ;
; -3.159 ; btn_reset_d ; r_dest[1]                                             ; clk          ; clk         ; 1.000        ; -0.064     ; 4.094      ;
; -3.159 ; btn_reset_d ; immediate_extended[4]                                 ; clk          ; clk         ; 1.000        ; -0.068     ; 4.090      ;
; -3.159 ; btn_reset_d ; btn_reset_d                                           ; clk          ; clk         ; 1.000        ; -0.071     ; 4.087      ;
; -2.835 ; btn_reset_d ; module_alu:ULA|resultvalue[14]                        ; clk          ; clk         ; 1.000        ; 0.268      ; 4.102      ;
; -2.835 ; btn_reset_d ; module_alu:ULA|resultvalue[15]                        ; clk          ; clk         ; 1.000        ; 0.268      ; 4.102      ;
; -2.835 ; btn_reset_d ; module_alu:ULA|resultvalue[13]                        ; clk          ; clk         ; 1.000        ; 0.268      ; 4.102      ;
; -2.835 ; btn_reset_d ; module_alu:ULA|resultvalue[12]                        ; clk          ; clk         ; 1.000        ; 0.268      ; 4.102      ;
; -2.835 ; btn_reset_d ; module_alu:ULA|resultvalue[11]                        ; clk          ; clk         ; 1.000        ; 0.268      ; 4.102      ;
; -2.835 ; btn_reset_d ; module_alu:ULA|resultvalue[10]                        ; clk          ; clk         ; 1.000        ; 0.268      ; 4.102      ;
; -2.835 ; btn_reset_d ; module_alu:ULA|resultvalue[9]                         ; clk          ; clk         ; 1.000        ; 0.268      ; 4.102      ;
; -2.835 ; btn_reset_d ; module_alu:ULA|resultvalue[8]                         ; clk          ; clk         ; 1.000        ; 0.268      ; 4.102      ;
; -2.835 ; btn_reset_d ; module_alu:ULA|resultvalue[7]                         ; clk          ; clk         ; 1.000        ; 0.268      ; 4.102      ;
; -2.833 ; btn_reset_d ; mem_write_addr[3]                                     ; clk          ; clk         ; 1.000        ; 0.242      ; 4.074      ;
; -2.833 ; btn_reset_d ; mem_write_addr[2]                                     ; clk          ; clk         ; 1.000        ; 0.242      ; 4.074      ;
; -2.833 ; btn_reset_d ; mem_write_addr[0]                                     ; clk          ; clk         ; 1.000        ; 0.242      ; 4.074      ;
; -2.833 ; btn_reset_d ; mem_write_addr[1]                                     ; clk          ; clk         ; 1.000        ; 0.242      ; 4.074      ;
; -2.833 ; btn_reset_d ; mem_write_data[5]                                     ; clk          ; clk         ; 1.000        ; 0.242      ; 4.074      ;
; -2.833 ; btn_reset_d ; mem_write_data[6]                                     ; clk          ; clk         ; 1.000        ; 0.242      ; 4.074      ;
; -2.818 ; btn_reset_d ; module_alu:ULA|resultvalue[6]                         ; clk          ; clk         ; 1.000        ; 0.285      ; 4.102      ;
; -2.818 ; btn_reset_d ; module_alu:ULA|resultvalue[5]                         ; clk          ; clk         ; 1.000        ; 0.285      ; 4.102      ;
; -2.818 ; btn_reset_d ; module_alu:ULA|resultvalue[4]                         ; clk          ; clk         ; 1.000        ; 0.285      ; 4.102      ;
; -2.818 ; btn_reset_d ; module_alu:ULA|resultvalue[3]                         ; clk          ; clk         ; 1.000        ; 0.285      ; 4.102      ;
; -2.818 ; btn_reset_d ; module_alu:ULA|resultvalue[2]                         ; clk          ; clk         ; 1.000        ; 0.285      ; 4.102      ;
; -2.818 ; btn_reset_d ; module_alu:ULA|resultvalue[1]                         ; clk          ; clk         ; 1.000        ; 0.285      ; 4.102      ;
; -2.818 ; btn_reset_d ; module_alu:ULA|resultvalue[0]                         ; clk          ; clk         ; 1.000        ; 0.285      ; 4.102      ;
; -2.815 ; btn_reset_d ; alu_value1[7]~_Duplicate_1                            ; clk          ; clk         ; 1.000        ; 0.286      ; 4.100      ;
; -2.815 ; btn_reset_d ; alu_value1[5]~_Duplicate_1                            ; clk          ; clk         ; 1.000        ; 0.286      ; 4.100      ;
; -2.815 ; btn_reset_d ; alu_value2[5]~_Duplicate_1                            ; clk          ; clk         ; 1.000        ; 0.286      ; 4.100      ;
; -2.815 ; btn_reset_d ; alu_value2[2]~_Duplicate_1                            ; clk          ; clk         ; 1.000        ; 0.286      ; 4.100      ;
; -2.815 ; btn_reset_d ; alu_value2[0]~_Duplicate_1                            ; clk          ; clk         ; 1.000        ; 0.286      ; 4.100      ;
; -2.814 ; btn_reset_d ; mem_write_data[0]                                     ; clk          ; clk         ; 1.000        ; 0.286      ; 4.099      ;
; -2.814 ; btn_reset_d ; mem_write_data[1]                                     ; clk          ; clk         ; 1.000        ; 0.286      ; 4.099      ;
; -2.814 ; btn_reset_d ; mem_write_data[2]                                     ; clk          ; clk         ; 1.000        ; 0.286      ; 4.099      ;
; -2.813 ; btn_reset_d ; instruction_register[4]                               ; clk          ; clk         ; 1.000        ; 0.296      ; 4.108      ;
; -2.813 ; btn_reset_d ; instruction_register[12]                              ; clk          ; clk         ; 1.000        ; 0.282      ; 4.094      ;
; -2.813 ; btn_reset_d ; instruction_register[11]                              ; clk          ; clk         ; 1.000        ; 0.282      ; 4.094      ;
; -2.813 ; btn_reset_d ; instruction_register[13]                              ; clk          ; clk         ; 1.000        ; 0.282      ; 4.094      ;
; -2.813 ; btn_reset_d ; instruction_register[14]                              ; clk          ; clk         ; 1.000        ; 0.282      ; 4.094      ;
; -2.813 ; btn_reset_d ; instruction_register[3]                               ; clk          ; clk         ; 1.000        ; 0.296      ; 4.108      ;
; -2.813 ; btn_reset_d ; instruction_register[6]                               ; clk          ; clk         ; 1.000        ; 0.296      ; 4.108      ;
; -2.813 ; btn_reset_d ; instruction_register[10]                              ; clk          ; clk         ; 1.000        ; 0.296      ; 4.108      ;
; -2.813 ; btn_reset_d ; instruction_register[9]                               ; clk          ; clk         ; 1.000        ; 0.282      ; 4.094      ;
; -2.813 ; btn_reset_d ; instruction_register[8]                               ; clk          ; clk         ; 1.000        ; 0.282      ; 4.094      ;
; -2.813 ; btn_reset_d ; instruction_register[7]                               ; clk          ; clk         ; 1.000        ; 0.282      ; 4.094      ;
+--------+-------------+-------------------------------------------------------+--------------+-------------+--------------+------------+------------+


+---------------------------------------------------------------------------------------------------------------------------------------------------+
; Slow 1200mV 0C Model Removal: 'clk'                                                                                                               ;
+-------+-------------+-------------------------------------------------------+--------------+-------------+--------------+------------+------------+
; Slack ; From Node   ; To Node                                               ; Launch Clock ; Latch Clock ; Relationship ; Clock Skew ; Data Delay ;
+-------+-------------+-------------------------------------------------------+--------------+-------------+--------------+------------+------------+
; 3.224 ; btn_reset_d ; alu_value2[14]~_Duplicate_1                           ; clk          ; clk         ; 0.000        ; 0.531      ; 3.926      ;
; 3.224 ; btn_reset_d ; alu_value1[14]~_Duplicate_1                           ; clk          ; clk         ; 0.000        ; 0.531      ; 3.926      ;
; 3.224 ; btn_reset_d ; alu_value2[11]~_Duplicate_1                           ; clk          ; clk         ; 0.000        ; 0.531      ; 3.926      ;
; 3.224 ; btn_reset_d ; alu_value2[10]~_Duplicate_1                           ; clk          ; clk         ; 0.000        ; 0.531      ; 3.926      ;
; 3.224 ; btn_reset_d ; alu_value2[8]~_Duplicate_1                            ; clk          ; clk         ; 0.000        ; 0.531      ; 3.926      ;
; 3.224 ; btn_reset_d ; alu_value1[15]~_Duplicate_1                           ; clk          ; clk         ; 0.000        ; 0.531      ; 3.926      ;
; 3.234 ; btn_reset_d ; alu_opcode[1]                                         ; clk          ; clk         ; 0.000        ; 0.521      ; 3.926      ;
; 3.234 ; btn_reset_d ; alu_opcode[2]                                         ; clk          ; clk         ; 0.000        ; 0.521      ; 3.926      ;
; 3.234 ; btn_reset_d ; current_state.STATE_DECODE                            ; clk          ; clk         ; 0.000        ; 0.520      ; 3.925      ;
; 3.234 ; btn_reset_d ; current_state.STATE_ALU_START                         ; clk          ; clk         ; 0.000        ; 0.520      ; 3.925      ;
; 3.234 ; btn_reset_d ; alu_opcode[0]                                         ; clk          ; clk         ; 0.000        ; 0.521      ; 3.926      ;
; 3.243 ; btn_reset_d ; alu_operation_enabled                                 ; clk          ; clk         ; 0.000        ; 0.510      ; 3.924      ;
; 3.243 ; btn_reset_d ; module_alu:ULA|estado_atual                           ; clk          ; clk         ; 0.000        ; 0.510      ; 3.924      ;
; 3.243 ; btn_reset_d ; module_alu:ULA|operationdone                          ; clk          ; clk         ; 0.000        ; 0.510      ; 3.924      ;
; 3.243 ; btn_reset_d ; current_state.STATE_ALU_WAIT                          ; clk          ; clk         ; 0.000        ; 0.510      ; 3.924      ;
; 3.243 ; btn_reset_d ; current_state.STATE_MEM_WRITE                         ; clk          ; clk         ; 0.000        ; 0.510      ; 3.924      ;
; 3.249 ; btn_reset_d ; alu_value1[13]~_Duplicate_1                           ; clk          ; clk         ; 0.000        ; 0.503      ; 3.923      ;
; 3.249 ; btn_reset_d ; alu_value2[13]~_Duplicate_1                           ; clk          ; clk         ; 0.000        ; 0.504      ; 3.924      ;
; 3.249 ; btn_reset_d ; alu_value1[10]~_Duplicate_1                           ; clk          ; clk         ; 0.000        ; 0.503      ; 3.923      ;
; 3.249 ; btn_reset_d ; alu_value2[9]~_Duplicate_1                            ; clk          ; clk         ; 0.000        ; 0.504      ; 3.924      ;
; 3.249 ; btn_reset_d ; alu_value1[8]~_Duplicate_1                            ; clk          ; clk         ; 0.000        ; 0.503      ; 3.923      ;
; 3.249 ; btn_reset_d ; alu_value2[7]~_Duplicate_1                            ; clk          ; clk         ; 0.000        ; 0.504      ; 3.924      ;
; 3.249 ; btn_reset_d ; alu_value2[6]~_Duplicate_1                            ; clk          ; clk         ; 0.000        ; 0.504      ; 3.924      ;
; 3.249 ; btn_reset_d ; alu_value1[6]~_Duplicate_1                            ; clk          ; clk         ; 0.000        ; 0.503      ; 3.923      ;
; 3.249 ; btn_reset_d ; alu_value1[4]~_Duplicate_1                            ; clk          ; clk         ; 0.000        ; 0.503      ; 3.923      ;
; 3.249 ; btn_reset_d ; alu_value2[4]~_Duplicate_1                            ; clk          ; clk         ; 0.000        ; 0.504      ; 3.924      ;
; 3.249 ; btn_reset_d ; alu_value2[3]~_Duplicate_1                            ; clk          ; clk         ; 0.000        ; 0.504      ; 3.924      ;
; 3.249 ; btn_reset_d ; alu_value1[2]~_Duplicate_1                            ; clk          ; clk         ; 0.000        ; 0.503      ; 3.923      ;
; 3.249 ; btn_reset_d ; alu_value1[12]~_Duplicate_1                           ; clk          ; clk         ; 0.000        ; 0.503      ; 3.923      ;
; 3.249 ; btn_reset_d ; alu_value1[0]~_Duplicate_1                            ; clk          ; clk         ; 0.000        ; 0.503      ; 3.923      ;
; 3.249 ; btn_reset_d ; alu_value2[15]~_Duplicate_1                           ; clk          ; clk         ; 0.000        ; 0.504      ; 3.924      ;
; 3.249 ; btn_reset_d ; alu_value2[12]~_Duplicate_1                           ; clk          ; clk         ; 0.000        ; 0.504      ; 3.924      ;
; 3.254 ; btn_reset_d ; lcd_controller:LCD_DRIVER|clk_counter[10]             ; clk          ; clk         ; 0.000        ; 0.476      ; 3.901      ;
; 3.254 ; btn_reset_d ; lcd_controller:LCD_DRIVER|clk_counter[11]             ; clk          ; clk         ; 0.000        ; 0.476      ; 3.901      ;
; 3.254 ; btn_reset_d ; lcd_controller:LCD_DRIVER|clk_counter[12]             ; clk          ; clk         ; 0.000        ; 0.476      ; 3.901      ;
; 3.254 ; btn_reset_d ; lcd_controller:LCD_DRIVER|clk_counter[13]             ; clk          ; clk         ; 0.000        ; 0.476      ; 3.901      ;
; 3.254 ; btn_reset_d ; lcd_controller:LCD_DRIVER|clk_counter[14]             ; clk          ; clk         ; 0.000        ; 0.476      ; 3.901      ;
; 3.254 ; btn_reset_d ; lcd_controller:LCD_DRIVER|clk_counter[15]             ; clk          ; clk         ; 0.000        ; 0.476      ; 3.901      ;
; 3.254 ; btn_reset_d ; lcd_controller:LCD_DRIVER|clk_counter[16]             ; clk          ; clk         ; 0.000        ; 0.476      ; 3.901      ;
; 3.254 ; btn_reset_d ; lcd_controller:LCD_DRIVER|clk_counter[17]             ; clk          ; clk         ; 0.000        ; 0.476      ; 3.901      ;
; 3.254 ; btn_reset_d ; lcd_controller:LCD_DRIVER|clk_counter[18]             ; clk          ; clk         ; 0.000        ; 0.476      ; 3.901      ;
; 3.254 ; btn_reset_d ; lcd_controller:LCD_DRIVER|clk_counter[19]             ; clk          ; clk         ; 0.000        ; 0.476      ; 3.901      ;
; 3.255 ; btn_reset_d ; lcd_controller:LCD_DRIVER|clk_counter[0]              ; clk          ; clk         ; 0.000        ; 0.474      ; 3.900      ;
; 3.255 ; btn_reset_d ; lcd_controller:LCD_DRIVER|clk_counter[1]              ; clk          ; clk         ; 0.000        ; 0.474      ; 3.900      ;
; 3.255 ; btn_reset_d ; lcd_controller:LCD_DRIVER|clk_counter[2]              ; clk          ; clk         ; 0.000        ; 0.474      ; 3.900      ;
; 3.255 ; btn_reset_d ; lcd_controller:LCD_DRIVER|clk_counter[3]              ; clk          ; clk         ; 0.000        ; 0.474      ; 3.900      ;
; 3.255 ; btn_reset_d ; lcd_controller:LCD_DRIVER|clk_counter[4]              ; clk          ; clk         ; 0.000        ; 0.476      ; 3.902      ;
; 3.255 ; btn_reset_d ; lcd_controller:LCD_DRIVER|clk_counter[5]              ; clk          ; clk         ; 0.000        ; 0.474      ; 3.900      ;
; 3.255 ; btn_reset_d ; lcd_controller:LCD_DRIVER|clk_counter[6]              ; clk          ; clk         ; 0.000        ; 0.474      ; 3.900      ;
; 3.255 ; btn_reset_d ; lcd_controller:LCD_DRIVER|clk_counter[7]              ; clk          ; clk         ; 0.000        ; 0.474      ; 3.900      ;
; 3.255 ; btn_reset_d ; lcd_controller:LCD_DRIVER|clk_counter[8]              ; clk          ; clk         ; 0.000        ; 0.474      ; 3.900      ;
; 3.255 ; btn_reset_d ; lcd_controller:LCD_DRIVER|clk_counter[9]              ; clk          ; clk         ; 0.000        ; 0.474      ; 3.900      ;
; 3.255 ; btn_reset_d ; lcd_controller:LCD_DRIVER|tick                        ; clk          ; clk         ; 0.000        ; 0.472      ; 3.898      ;
; 3.255 ; btn_reset_d ; lcd_controller:LCD_DRIVER|estado_atual.ST_default     ; clk          ; clk         ; 0.000        ; 0.476      ; 3.902      ;
; 3.255 ; btn_reset_d ; lcd_controller:LCD_DRIVER|estado_atual.ST_init1       ; clk          ; clk         ; 0.000        ; 0.476      ; 3.902      ;
; 3.255 ; btn_reset_d ; lcd_controller:LCD_DRIVER|estado_atual.ST_init2       ; clk          ; clk         ; 0.000        ; 0.476      ; 3.902      ;
; 3.255 ; btn_reset_d ; lcd_controller:LCD_DRIVER|estado_atual.ST_init3       ; clk          ; clk         ; 0.000        ; 0.476      ; 3.902      ;
; 3.255 ; btn_reset_d ; lcd_controller:LCD_DRIVER|estado_atual.ST_iniciar     ; clk          ; clk         ; 0.000        ; 0.476      ; 3.902      ;
; 3.255 ; btn_reset_d ; lcd_controller:LCD_DRIVER|estado_atual.ST_wait_clr2   ; clk          ; clk         ; 0.000        ; 0.476      ; 3.902      ;
; 3.255 ; btn_reset_d ; lcd_controller:LCD_DRIVER|estado_atual.ST_avancar     ; clk          ; clk         ; 0.000        ; 0.476      ; 3.902      ;
; 3.255 ; btn_reset_d ; lcd_controller:LCD_DRIVER|char_index[0]               ; clk          ; clk         ; 0.000        ; 0.480      ; 3.906      ;
; 3.255 ; btn_reset_d ; lcd_controller:LCD_DRIVER|char_index[1]               ; clk          ; clk         ; 0.000        ; 0.480      ; 3.906      ;
; 3.255 ; btn_reset_d ; lcd_controller:LCD_DRIVER|char_index[2]               ; clk          ; clk         ; 0.000        ; 0.480      ; 3.906      ;
; 3.255 ; btn_reset_d ; lcd_controller:LCD_DRIVER|char_index[3]               ; clk          ; clk         ; 0.000        ; 0.480      ; 3.906      ;
; 3.255 ; btn_reset_d ; lcd_controller:LCD_DRIVER|estado_atual.ST_mover_L2    ; clk          ; clk         ; 0.000        ; 0.476      ; 3.902      ;
; 3.255 ; btn_reset_d ; lcd_controller:LCD_DRIVER|estado_atual.ST_escrever_L2 ; clk          ; clk         ; 0.000        ; 0.476      ; 3.902      ;
; 3.255 ; btn_reset_d ; lcd_controller:LCD_DRIVER|estado_atual.ST_feito       ; clk          ; clk         ; 0.000        ; 0.476      ; 3.902      ;
; 3.255 ; btn_reset_d ; lcd_controller:LCD_DRIVER|LCD_EN                      ; clk          ; clk         ; 0.000        ; 0.476      ; 3.902      ;
; 3.256 ; btn_reset_d ; btn_ligar_d                                           ; clk          ; clk         ; 0.000        ; 0.495      ; 3.922      ;
; 3.256 ; btn_reset_d ; btn_enviar_d                                          ; clk          ; clk         ; 0.000        ; 0.495      ; 3.922      ;
; 3.256 ; btn_reset_d ; current_state.STATE_POWERED_OFF                       ; clk          ; clk         ; 0.000        ; 0.495      ; 3.922      ;
; 3.256 ; btn_reset_d ; current_state.STATE_IDLE                              ; clk          ; clk         ; 0.000        ; 0.495      ; 3.922      ;
; 3.256 ; btn_reset_d ; current_state.STATE_FETCH                             ; clk          ; clk         ; 0.000        ; 0.495      ; 3.922      ;
; 3.259 ; btn_reset_d ; alu_value1[11]~_Duplicate_1                           ; clk          ; clk         ; 0.000        ; 0.492      ; 3.922      ;
; 3.259 ; btn_reset_d ; alu_value1[9]~_Duplicate_1                            ; clk          ; clk         ; 0.000        ; 0.492      ; 3.922      ;
; 3.259 ; btn_reset_d ; alu_value1[3]~_Duplicate_1                            ; clk          ; clk         ; 0.000        ; 0.492      ; 3.922      ;
; 3.259 ; btn_reset_d ; alu_value1[1]~_Duplicate_1                            ; clk          ; clk         ; 0.000        ; 0.492      ; 3.922      ;
; 3.259 ; btn_reset_d ; instruction_register[15]                              ; clk          ; clk         ; 0.000        ; 0.496      ; 3.926      ;
; 3.259 ; btn_reset_d ; instruction_register[16]                              ; clk          ; clk         ; 0.000        ; 0.496      ; 3.926      ;
; 3.259 ; btn_reset_d ; instruction_register[17]                              ; clk          ; clk         ; 0.000        ; 0.496      ; 3.926      ;
; 3.259 ; btn_reset_d ; instruction_register[5]                               ; clk          ; clk         ; 0.000        ; 0.496      ; 3.926      ;
; 3.259 ; btn_reset_d ; instruction_register[0]                               ; clk          ; clk         ; 0.000        ; 0.496      ; 3.926      ;
; 3.259 ; btn_reset_d ; instruction_register[1]                               ; clk          ; clk         ; 0.000        ; 0.496      ; 3.926      ;
; 3.259 ; btn_reset_d ; instruction_register[2]                               ; clk          ; clk         ; 0.000        ; 0.496      ; 3.926      ;
; 3.268 ; btn_reset_d ; mem_write_data[0]                                     ; clk          ; clk         ; 0.000        ; 0.486      ; 3.925      ;
; 3.268 ; btn_reset_d ; mem_write_data[1]                                     ; clk          ; clk         ; 0.000        ; 0.486      ; 3.925      ;
; 3.268 ; btn_reset_d ; mem_write_data[2]                                     ; clk          ; clk         ; 0.000        ; 0.486      ; 3.925      ;
; 3.269 ; btn_reset_d ; alu_value1[7]~_Duplicate_1                            ; clk          ; clk         ; 0.000        ; 0.486      ; 3.926      ;
; 3.269 ; btn_reset_d ; alu_value1[5]~_Duplicate_1                            ; clk          ; clk         ; 0.000        ; 0.486      ; 3.926      ;
; 3.269 ; btn_reset_d ; alu_value2[5]~_Duplicate_1                            ; clk          ; clk         ; 0.000        ; 0.486      ; 3.926      ;
; 3.269 ; btn_reset_d ; alu_value2[2]~_Duplicate_1                            ; clk          ; clk         ; 0.000        ; 0.486      ; 3.926      ;
; 3.269 ; btn_reset_d ; alu_value2[0]~_Duplicate_1                            ; clk          ; clk         ; 0.000        ; 0.486      ; 3.926      ;
; 3.272 ; btn_reset_d ; module_alu:ULA|resultvalue[6]                         ; clk          ; clk         ; 0.000        ; 0.485      ; 3.928      ;
; 3.272 ; btn_reset_d ; module_alu:ULA|resultvalue[5]                         ; clk          ; clk         ; 0.000        ; 0.485      ; 3.928      ;
; 3.272 ; btn_reset_d ; module_alu:ULA|resultvalue[4]                         ; clk          ; clk         ; 0.000        ; 0.485      ; 3.928      ;
; 3.272 ; btn_reset_d ; module_alu:ULA|resultvalue[3]                         ; clk          ; clk         ; 0.000        ; 0.485      ; 3.928      ;
; 3.272 ; btn_reset_d ; module_alu:ULA|resultvalue[2]                         ; clk          ; clk         ; 0.000        ; 0.485      ; 3.928      ;
; 3.272 ; btn_reset_d ; module_alu:ULA|resultvalue[1]                         ; clk          ; clk         ; 0.000        ; 0.485      ; 3.928      ;
; 3.272 ; btn_reset_d ; alu_value2[1]~_Duplicate_1                            ; clk          ; clk         ; 0.000        ; 0.494      ; 3.937      ;
; 3.272 ; btn_reset_d ; module_alu:ULA|resultvalue[0]                         ; clk          ; clk         ; 0.000        ; 0.485      ; 3.928      ;
+-------+-------------+-------------------------------------------------------+--------------+-------------+--------------+------------+------------+


----------------------------------------------
; Slow 1200mV 0C Model Metastability Summary ;
----------------------------------------------
Design MTBF is not calculated because the design doesn't meet its timing requirements.



+------------------------------------+
; Fast 1200mV 0C Model Setup Summary ;
+-------+--------+-------------------+
; Clock ; Slack  ; End Point TNS     ;
+-------+--------+-------------------+
; clk   ; -2.091 ; -501.513          ;
+-------+--------+-------------------+


+-----------------------------------+
; Fast 1200mV 0C Model Hold Summary ;
+-------+-------+-------------------+
; Clock ; Slack ; End Point TNS     ;
+-------+-------+-------------------+
; clk   ; 0.144 ; 0.000             ;
+-------+-------+-------------------+


+---------------------------------------+
; Fast 1200mV 0C Model Recovery Summary ;
+-------+--------+----------------------+
; Clock ; Slack  ; End Point TNS        ;
+-------+--------+----------------------+
; clk   ; -1.567 ; -266.704             ;
+-------+--------+----------------------+


+--------------------------------------+
; Fast 1200mV 0C Model Removal Summary ;
+-------+-------+----------------------+
; Clock ; Slack ; End Point TNS        ;
+-------+-------+----------------------+
; clk   ; 1.847 ; 0.000                ;
+-------+-------+----------------------+


+--------------------------------------------------+
; Fast 1200mV 0C Model Minimum Pulse Width Summary ;
+-------+--------+---------------------------------+
; Clock ; Slack  ; End Point TNS                   ;
+-------+--------+---------------------------------+
; clk   ; -3.000 ; -488.180                        ;
+-------+--------+---------------------------------+


+-------------------------------------------------------------------------------------------------------------------------------------+
; Fast 1200mV 0C Model Setup: 'clk'                                                                                                   ;
+--------+---------------------------+--------------------------+--------------+-------------+--------------+------------+------------+
; Slack  ; From Node                 ; To Node                  ; Launch Clock ; Latch Clock ; Relationship ; Clock Skew ; Data Delay ;
+--------+---------------------------+--------------------------+--------------+-------------+--------------+------------+------------+
; -2.091 ; immediate_extended[4]     ; alu_value2[7]            ; clk          ; clk         ; 1.000        ; 0.050      ; 3.013      ;
; -2.049 ; immediate_extended[3]     ; alu_value2[15]           ; clk          ; clk         ; 1.000        ; 0.050      ; 2.971      ;
; -2.025 ; mem_read_addr_1[0]        ; alu_value1[5]            ; clk          ; clk         ; 1.000        ; 0.046      ; 2.943      ;
; -2.015 ; memory:MEMORY|ram[10][10] ; alu_value2[10]           ; clk          ; clk         ; 1.000        ; 0.070      ; 2.957      ;
; -2.011 ; immediate_extended[4]     ; alu_value2[13]           ; clk          ; clk         ; 1.000        ; 0.050      ; 2.933      ;
; -2.007 ; immediate_extended[3]     ; alu_value2[7]            ; clk          ; clk         ; 1.000        ; 0.050      ; 2.929      ;
; -2.007 ; mem_read_addr_1[3]        ; alu_value1[2]            ; clk          ; clk         ; 1.000        ; 0.066      ; 2.945      ;
; -2.002 ; immediate_extended[6]     ; alu_value2[4]            ; clk          ; clk         ; 1.000        ; 0.066      ; 2.940      ;
; -2.000 ; immediate_extended[4]     ; alu_value2[3]            ; clk          ; clk         ; 1.000        ; 0.050      ; 2.922      ;
; -1.990 ; mem_read_addr_1[0]        ; alu_value1[11]           ; clk          ; clk         ; 1.000        ; 0.046      ; 2.908      ;
; -1.986 ; immediate_extended[5]     ; alu_value2[4]            ; clk          ; clk         ; 1.000        ; 0.066      ; 2.924      ;
; -1.985 ; mem_read_addr_1[2]        ; alu_value1[2]            ; clk          ; clk         ; 1.000        ; 0.066      ; 2.923      ;
; -1.974 ; memory:MEMORY|ram[15][15] ; alu_value2[15]           ; clk          ; clk         ; 1.000        ; 0.033      ; 2.879      ;
; -1.969 ; immediate_extended[3]     ; alu_value2[11]           ; clk          ; clk         ; 1.000        ; 0.050      ; 2.891      ;
; -1.951 ; immediate_extended[5]     ; alu_value2[5]            ; clk          ; clk         ; 1.000        ; 0.066      ; 2.889      ;
; -1.938 ; immediate_extended[3]     ; alu_value2[13]           ; clk          ; clk         ; 1.000        ; 0.050      ; 2.860      ;
; -1.935 ; mem_write_addr[3]         ; memory:MEMORY|ram[8][6]  ; clk          ; clk         ; 1.000        ; -0.228     ; 2.694      ;
; -1.935 ; mem_write_addr[3]         ; memory:MEMORY|ram[8][5]  ; clk          ; clk         ; 1.000        ; -0.228     ; 2.694      ;
; -1.935 ; mem_write_addr[3]         ; memory:MEMORY|ram[8][2]  ; clk          ; clk         ; 1.000        ; -0.228     ; 2.694      ;
; -1.935 ; mem_write_addr[3]         ; memory:MEMORY|ram[8][4]  ; clk          ; clk         ; 1.000        ; -0.228     ; 2.694      ;
; -1.935 ; mem_write_addr[3]         ; memory:MEMORY|ram[8][7]  ; clk          ; clk         ; 1.000        ; -0.228     ; 2.694      ;
; -1.935 ; mem_write_addr[3]         ; memory:MEMORY|ram[8][8]  ; clk          ; clk         ; 1.000        ; -0.228     ; 2.694      ;
; -1.934 ; memory:MEMORY|ram[9][5]   ; alu_value2[5]            ; clk          ; clk         ; 1.000        ; 0.050      ; 2.856      ;
; -1.931 ; immediate_extended[4]     ; alu_value2[15]           ; clk          ; clk         ; 1.000        ; 0.050      ; 2.853      ;
; -1.927 ; immediate_extended[6]     ; alu_value2[6]            ; clk          ; clk         ; 1.000        ; 0.066      ; 2.865      ;
; -1.924 ; immediate_extended[4]     ; alu_value2[14]           ; clk          ; clk         ; 1.000        ; 0.050      ; 2.846      ;
; -1.918 ; immediate_extended[3]     ; alu_value2[3]            ; clk          ; clk         ; 1.000        ; 0.050      ; 2.840      ;
; -1.911 ; immediate_extended[5]     ; alu_value2[14]           ; clk          ; clk         ; 1.000        ; 0.066      ; 2.849      ;
; -1.907 ; memory:MEMORY|ram[8][3]   ; alu_value2[3]            ; clk          ; clk         ; 1.000        ; 0.052      ; 2.831      ;
; -1.902 ; memory:MEMORY|ram[4][15]  ; alu_value2[15]           ; clk          ; clk         ; 1.000        ; 0.076      ; 2.850      ;
; -1.895 ; memory:MEMORY|ram[3][7]   ; alu_value2[7]            ; clk          ; clk         ; 1.000        ; 0.074      ; 2.841      ;
; -1.888 ; mem_read_addr_1[1]        ; alu_value1[7]            ; clk          ; clk         ; 1.000        ; 0.046      ; 2.806      ;
; -1.881 ; memory:MEMORY|ram[0][7]   ; alu_value1[7]            ; clk          ; clk         ; 1.000        ; 0.048      ; 2.801      ;
; -1.875 ; mem_read_addr_1[1]        ; alu_value1[5]            ; clk          ; clk         ; 1.000        ; 0.046      ; 2.793      ;
; -1.871 ; mem_write_addr[3]         ; memory:MEMORY|ram[8][1]  ; clk          ; clk         ; 1.000        ; -0.232     ; 2.626      ;
; -1.871 ; mem_write_addr[3]         ; memory:MEMORY|ram[8][15] ; clk          ; clk         ; 1.000        ; -0.232     ; 2.626      ;
; -1.871 ; mem_write_addr[3]         ; memory:MEMORY|ram[8][3]  ; clk          ; clk         ; 1.000        ; -0.232     ; 2.626      ;
; -1.871 ; mem_write_addr[3]         ; memory:MEMORY|ram[8][10] ; clk          ; clk         ; 1.000        ; -0.232     ; 2.626      ;
; -1.871 ; mem_write_addr[3]         ; memory:MEMORY|ram[8][11] ; clk          ; clk         ; 1.000        ; -0.232     ; 2.626      ;
; -1.871 ; mem_write_addr[3]         ; memory:MEMORY|ram[8][13] ; clk          ; clk         ; 1.000        ; -0.232     ; 2.626      ;
; -1.871 ; mem_write_addr[3]         ; memory:MEMORY|ram[8][14] ; clk          ; clk         ; 1.000        ; -0.232     ; 2.626      ;
; -1.870 ; mem_read_addr_1[0]        ; alu_value1[1]            ; clk          ; clk         ; 1.000        ; 0.046      ; 2.788      ;
; -1.870 ; memory:MEMORY|ram[3][13]  ; alu_value2[13]           ; clk          ; clk         ; 1.000        ; 0.074      ; 2.816      ;
; -1.860 ; memory:MEMORY|ram[8][2]   ; alu_value1[2]            ; clk          ; clk         ; 1.000        ; 0.048      ; 2.780      ;
; -1.857 ; mem_read_addr_1[3]        ; alu_value1[10]           ; clk          ; clk         ; 1.000        ; 0.066      ; 2.795      ;
; -1.855 ; memory:MEMORY|ram[10][2]  ; alu_value1[2]            ; clk          ; clk         ; 1.000        ; 0.070      ; 2.797      ;
; -1.854 ; memory:MEMORY|ram[0][7]   ; alu_value2[7]            ; clk          ; clk         ; 1.000        ; 0.048      ; 2.774      ;
; -1.850 ; mem_read_addr_1[1]        ; alu_value1[11]           ; clk          ; clk         ; 1.000        ; 0.046      ; 2.768      ;
; -1.845 ; immediate_extended[4]     ; alu_value2[1]            ; clk          ; clk         ; 1.000        ; 0.050      ; 2.767      ;
; -1.844 ; memory:MEMORY|ram[1][7]   ; alu_value1[7]            ; clk          ; clk         ; 1.000        ; 0.050      ; 2.766      ;
; -1.837 ; immediate_extended[6]     ; alu_value2[0]            ; clk          ; clk         ; 1.000        ; 0.066      ; 2.775      ;
; -1.835 ; mem_read_addr_1[0]        ; alu_value1[7]            ; clk          ; clk         ; 1.000        ; 0.046      ; 2.753      ;
; -1.835 ; immediate_extended[6]     ; alu_value2[14]           ; clk          ; clk         ; 1.000        ; 0.066      ; 2.773      ;
; -1.834 ; mem_read_addr_1[3]        ; alu_value1[8]            ; clk          ; clk         ; 1.000        ; 0.066      ; 2.772      ;
; -1.830 ; immediate_extended[4]     ; alu_value2[11]           ; clk          ; clk         ; 1.000        ; 0.050      ; 2.752      ;
; -1.828 ; memory:MEMORY|ram[14][2]  ; alu_value1[2]            ; clk          ; clk         ; 1.000        ; 0.070      ; 2.770      ;
; -1.824 ; memory:MEMORY|ram[4][11]  ; alu_value2[11]           ; clk          ; clk         ; 1.000        ; 0.076      ; 2.772      ;
; -1.820 ; memory:MEMORY|ram[15][8]  ; alu_value1[8]            ; clk          ; clk         ; 1.000        ; 0.033      ; 2.725      ;
; -1.820 ; immediate_extended[5]     ; alu_value2[6]            ; clk          ; clk         ; 1.000        ; 0.066      ; 2.758      ;
; -1.818 ; mem_read_addr_1[0]        ; alu_value1[15]           ; clk          ; clk         ; 1.000        ; 0.046      ; 2.736      ;
; -1.817 ; memory:MEMORY|ram[4][7]   ; alu_value2[7]            ; clk          ; clk         ; 1.000        ; 0.073      ; 2.762      ;
; -1.814 ; mem_read_addr_1[2]        ; alu_value1[8]            ; clk          ; clk         ; 1.000        ; 0.066      ; 2.752      ;
; -1.809 ; memory:MEMORY|ram[12][6]  ; alu_value2[6]            ; clk          ; clk         ; 1.000        ; 0.048      ; 2.729      ;
; -1.804 ; mem_read_addr_1[0]        ; alu_value1[3]            ; clk          ; clk         ; 1.000        ; 0.046      ; 2.722      ;
; -1.803 ; immediate_extended[4]     ; alu_value2[5]            ; clk          ; clk         ; 1.000        ; 0.050      ; 2.725      ;
; -1.799 ; immediate_extended[4]     ; alu_value2[10]           ; clk          ; clk         ; 1.000        ; 0.050      ; 2.721      ;
; -1.798 ; memory:MEMORY|ram[10][5]  ; alu_value2[5]            ; clk          ; clk         ; 1.000        ; 0.046      ; 2.716      ;
; -1.789 ; memory:MEMORY|ram[0][3]   ; alu_value2[3]            ; clk          ; clk         ; 1.000        ; 0.048      ; 2.709      ;
; -1.789 ; memory:MEMORY|ram[11][14] ; alu_value2[14]           ; clk          ; clk         ; 1.000        ; 0.080      ; 2.741      ;
; -1.780 ; mem_read_addr_1[1]        ; alu_value1[1]            ; clk          ; clk         ; 1.000        ; 0.046      ; 2.698      ;
; -1.780 ; immediate_extended[5]     ; alu_value2[2]            ; clk          ; clk         ; 1.000        ; 0.066      ; 2.718      ;
; -1.778 ; memory:MEMORY|ram[4][3]   ; alu_value2[3]            ; clk          ; clk         ; 1.000        ; 0.073      ; 2.723      ;
; -1.771 ; memory:MEMORY|ram[1][2]   ; alu_value1[2]            ; clk          ; clk         ; 1.000        ; 0.074      ; 2.717      ;
; -1.770 ; mem_read_addr_1[2]        ; alu_value1[10]           ; clk          ; clk         ; 1.000        ; 0.066      ; 2.708      ;
; -1.769 ; memory:MEMORY|ram[13][7]  ; alu_value2[7]            ; clk          ; clk         ; 1.000        ; 0.050      ; 2.691      ;
; -1.769 ; memory:MEMORY|ram[9][1]   ; alu_value1[1]            ; clk          ; clk         ; 1.000        ; 0.050      ; 2.691      ;
; -1.766 ; immediate_extended[6]     ; alu_value2[2]            ; clk          ; clk         ; 1.000        ; 0.066      ; 2.704      ;
; -1.762 ; memory:MEMORY|ram[5][2]   ; alu_value1[2]            ; clk          ; clk         ; 1.000        ; 0.074      ; 2.708      ;
; -1.761 ; mem_write_addr[3]         ; memory:MEMORY|ram[8][9]  ; clk          ; clk         ; 1.000        ; -0.034     ; 2.714      ;
; -1.759 ; immediate_extended[3]     ; alu_value2[1]            ; clk          ; clk         ; 1.000        ; 0.050      ; 2.681      ;
; -1.759 ; memory:MEMORY|ram[11][3]  ; alu_value1[3]            ; clk          ; clk         ; 1.000        ; 0.054      ; 2.685      ;
; -1.757 ; mem_write_addr[3]         ; memory:MEMORY|ram[0][15] ; clk          ; clk         ; 1.000        ; -0.224     ; 2.520      ;
; -1.757 ; mem_write_addr[3]         ; memory:MEMORY|ram[0][13] ; clk          ; clk         ; 1.000        ; -0.224     ; 2.520      ;
; -1.757 ; mem_write_addr[3]         ; memory:MEMORY|ram[0][14] ; clk          ; clk         ; 1.000        ; -0.224     ; 2.520      ;
; -1.755 ; memory:MEMORY|ram[9][13]  ; alu_value1[13]           ; clk          ; clk         ; 1.000        ; 0.050      ; 2.677      ;
; -1.755 ; immediate_extended[5]     ; alu_value2[8]            ; clk          ; clk         ; 1.000        ; 0.066      ; 2.693      ;
; -1.753 ; memory:MEMORY|ram[0][6]   ; alu_value2[6]            ; clk          ; clk         ; 1.000        ; 0.066      ; 2.691      ;
; -1.750 ; memory:MEMORY|ram[10][5]  ; alu_value1[5]            ; clk          ; clk         ; 1.000        ; 0.046      ; 2.668      ;
; -1.750 ; mem_read_addr_1[1]        ; alu_value1[15]           ; clk          ; clk         ; 1.000        ; 0.046      ; 2.668      ;
; -1.743 ; memory:MEMORY|ram[1][7]   ; alu_value2[7]            ; clk          ; clk         ; 1.000        ; 0.050      ; 2.665      ;
; -1.742 ; memory:MEMORY|ram[11][7]  ; alu_value1[7]            ; clk          ; clk         ; 1.000        ; 0.054      ; 2.668      ;
; -1.742 ; mem_read_addr_1[0]        ; alu_value1[13]           ; clk          ; clk         ; 1.000        ; 0.046      ; 2.660      ;
; -1.737 ; memory:MEMORY|ram[0][13]  ; alu_value2[13]           ; clk          ; clk         ; 1.000        ; 0.074      ; 2.683      ;
; -1.735 ; immediate_extended[5]     ; alu_value2[0]            ; clk          ; clk         ; 1.000        ; 0.066      ; 2.673      ;
; -1.727 ; immediate_extended[6]     ; alu_value2[8]            ; clk          ; clk         ; 1.000        ; 0.066      ; 2.665      ;
; -1.723 ; mem_read_addr_1[2]        ; alu_value1[6]            ; clk          ; clk         ; 1.000        ; 0.066      ; 2.661      ;
; -1.721 ; mem_read_addr_1[3]        ; alu_value1[12]           ; clk          ; clk         ; 1.000        ; 0.066      ; 2.659      ;
; -1.721 ; memory:MEMORY|ram[0][14]  ; alu_value2[14]           ; clk          ; clk         ; 1.000        ; 0.074      ; 2.667      ;
; -1.720 ; memory:MEMORY|ram[11][3]  ; alu_value2[3]            ; clk          ; clk         ; 1.000        ; 0.054      ; 2.646      ;
; -1.719 ; memory:MEMORY|ram[3][9]   ; alu_value2[9]            ; clk          ; clk         ; 1.000        ; 0.057      ; 2.648      ;
+--------+---------------------------+--------------------------+--------------+-------------+--------------+------------+------------+


+---------------------------------------------------------------------------------------------------------------------------------------------------------------------------------------------+
; Fast 1200mV 0C Model Hold: 'clk'                                                                                                                                                            ;
+-------+-------------------------------------------------------+-------------------------------------------------------+--------------+-------------+--------------+------------+------------+
; Slack ; From Node                                             ; To Node                                               ; Launch Clock ; Latch Clock ; Relationship ; Clock Skew ; Data Delay ;
+-------+-------------------------------------------------------+-------------------------------------------------------+--------------+-------------+--------------+------------+------------+
; 0.144 ; lcd_controller:LCD_DRIVER|estado_atual.ST_wait_clr1   ; lcd_controller:LCD_DRIVER|estado_atual.ST_wait_clr2   ; clk          ; clk         ; 0.000        ; 0.242      ; 0.470      ;
; 0.173 ; current_state.STATE_ALU_WAIT                          ; current_state.STATE_ALU_WAIT                          ; clk          ; clk         ; 0.000        ; 0.050      ; 0.307      ;
; 0.173 ; alu_operation_enabled                                 ; alu_operation_enabled                                 ; clk          ; clk         ; 0.000        ; 0.050      ; 0.307      ;
; 0.174 ; current_state.STATE_IDLE                              ; current_state.STATE_IDLE                              ; clk          ; clk         ; 0.000        ; 0.049      ; 0.307      ;
; 0.174 ; current_state.STATE_POWERED_OFF                       ; current_state.STATE_POWERED_OFF                       ; clk          ; clk         ; 0.000        ; 0.049      ; 0.307      ;
; 0.175 ; lcd_controller:LCD_DRIVER|estado_atual.ST_default     ; lcd_controller:LCD_DRIVER|estado_atual.ST_default     ; clk          ; clk         ; 0.000        ; 0.048      ; 0.307      ;
; 0.175 ; lcd_controller:LCD_DRIVER|estado_atual.ST_feito       ; lcd_controller:LCD_DRIVER|estado_atual.ST_feito       ; clk          ; clk         ; 0.000        ; 0.048      ; 0.307      ;
; 0.175 ; lcd_controller:LCD_DRIVER|estado_atual.ST_escrever_L2 ; lcd_controller:LCD_DRIVER|estado_atual.ST_escrever_L2 ; clk          ; clk         ; 0.000        ; 0.048      ; 0.307      ;
; 0.175 ; lcd_controller:LCD_DRIVER|char_index[2]               ; lcd_controller:LCD_DRIVER|char_index[2]               ; clk          ; clk         ; 0.000        ; 0.048      ; 0.307      ;
; 0.175 ; lcd_controller:LCD_DRIVER|char_index[3]               ; lcd_controller:LCD_DRIVER|char_index[3]               ; clk          ; clk         ; 0.000        ; 0.048      ; 0.307      ;
; 0.175 ; lcd_controller:LCD_DRIVER|char_index[1]               ; lcd_controller:LCD_DRIVER|char_index[1]               ; clk          ; clk         ; 0.000        ; 0.048      ; 0.307      ;
; 0.180 ; module_alu:ULA|estado_atual                           ; module_alu:ULA|estado_atual                           ; clk          ; clk         ; 0.000        ; 0.050      ; 0.314      ;
; 0.182 ; ON~reg0                                               ; ON~reg0                                               ; clk          ; clk         ; 0.000        ; 0.041      ; 0.307      ;
; 0.182 ; mem_write_enabled                                     ; mem_write_enabled                                     ; clk          ; clk         ; 0.000        ; 0.041      ; 0.307      ;
; 0.182 ; mem_clear                                             ; mem_clear                                             ; clk          ; clk         ; 0.000        ; 0.041      ; 0.307      ;
; 0.182 ; lcd_controller:LCD_DRIVER|char_index[0]               ; lcd_controller:LCD_DRIVER|char_index[0]               ; clk          ; clk         ; 0.000        ; 0.048      ; 0.314      ;
; 0.182 ; current_state.STATE_MEM_WAIT                          ; current_state.STATE_MEM_WAIT                          ; clk          ; clk         ; 0.000        ; 0.041      ; 0.307      ;
; 0.182 ; alu_operation_enabled                                 ; module_alu:ULA|estado_atual                           ; clk          ; clk         ; 0.000        ; 0.050      ; 0.316      ;
; 0.183 ; lcd_controller:LCD_DRIVER|estado_atual.ST_escrever_L1 ; lcd_controller:LCD_DRIVER|estado_atual.ST_escrever_L1 ; clk          ; clk         ; 0.000        ; 0.040      ; 0.307      ;
; 0.185 ; module_alu:ULA|operationdone                          ; current_state.STATE_MEM_WRITE                         ; clk          ; clk         ; 0.000        ; 0.050      ; 0.319      ;
; 0.186 ; lcd_controller:LCD_DRIVER|clk_counter[19]             ; lcd_controller:LCD_DRIVER|clk_counter[19]             ; clk          ; clk         ; 0.000        ; 0.048      ; 0.318      ;
; 0.187 ; module_alu:ULA|operationdone                          ; current_state.STATE_ALU_WAIT                          ; clk          ; clk         ; 0.000        ; 0.050      ; 0.321      ;
; 0.189 ; memory:MEMORY|estado_atual                            ; memory:MEMORY|estado_atual                            ; clk          ; clk         ; 0.000        ; 0.041      ; 0.314      ;
; 0.193 ; memory:MEMORY|writedone                               ; current_state.STATE_LCD_UPDATE                        ; clk          ; clk         ; 0.000        ; 0.041      ; 0.318      ;
; 0.197 ; memory:MEMORY|writedone                               ; current_state.STATE_MEM_WAIT                          ; clk          ; clk         ; 0.000        ; 0.041      ; 0.322      ;
; 0.200 ; lcd_controller:LCD_DRIVER|estado_atual.ST_escrever_L1 ; lcd_controller:LCD_DRIVER|char_index[0]               ; clk          ; clk         ; 0.000        ; 0.246      ; 0.530      ;
; 0.202 ; memory:MEMORY|estado_atual                            ; memory:MEMORY|writedone                               ; clk          ; clk         ; 0.000        ; 0.041      ; 0.327      ;
; 0.203 ; lcd_controller:LCD_DRIVER|estado_atual.ST_escrever_L1 ; lcd_controller:LCD_DRIVER|char_index[1]               ; clk          ; clk         ; 0.000        ; 0.246      ; 0.533      ;
; 0.237 ; opcode[0]                                             ; alu_value2[8]~_Duplicate_1                            ; clk          ; clk         ; 0.000        ; 0.256      ; 0.577      ;
; 0.246 ; btn_enviar_d                                          ; current_state.STATE_FETCH                             ; clk          ; clk         ; 0.000        ; 0.049      ; 0.379      ;
; 0.257 ; lcd_controller:LCD_DRIVER|estado_atual.ST_mover_L2    ; lcd_controller:LCD_DRIVER|estado_atual.ST_escrever_L2 ; clk          ; clk         ; 0.000        ; 0.048      ; 0.389      ;
; 0.264 ; current_state.STATE_ALU_WAIT                          ; current_state.STATE_MEM_WRITE                         ; clk          ; clk         ; 0.000        ; 0.050      ; 0.398      ;
; 0.275 ; immediate_extended[2]                                 ; mem_write_data[2]                                     ; clk          ; clk         ; 0.000        ; 0.240      ; 0.599      ;
; 0.281 ; immediate_extended[1]                                 ; mem_write_data[1]                                     ; clk          ; clk         ; 0.000        ; 0.240      ; 0.605      ;
; 0.281 ; lcd_controller:LCD_DRIVER|estado_atual.ST_clr         ; lcd_controller:LCD_DRIVER|estado_atual.ST_wait_clr1   ; clk          ; clk         ; 0.000        ; 0.040      ; 0.405      ;
; 0.286 ; lcd_controller:LCD_DRIVER|clk_counter[13]             ; lcd_controller:LCD_DRIVER|clk_counter[13]             ; clk          ; clk         ; 0.000        ; 0.048      ; 0.418      ;
; 0.286 ; lcd_controller:LCD_DRIVER|clk_counter[11]             ; lcd_controller:LCD_DRIVER|clk_counter[11]             ; clk          ; clk         ; 0.000        ; 0.048      ; 0.418      ;
; 0.287 ; lcd_controller:LCD_DRIVER|clk_counter[17]             ; lcd_controller:LCD_DRIVER|clk_counter[17]             ; clk          ; clk         ; 0.000        ; 0.048      ; 0.419      ;
; 0.288 ; lcd_controller:LCD_DRIVER|clk_counter[18]             ; lcd_controller:LCD_DRIVER|clk_counter[18]             ; clk          ; clk         ; 0.000        ; 0.048      ; 0.420      ;
; 0.288 ; lcd_controller:LCD_DRIVER|clk_counter[16]             ; lcd_controller:LCD_DRIVER|clk_counter[16]             ; clk          ; clk         ; 0.000        ; 0.048      ; 0.420      ;
; 0.288 ; lcd_controller:LCD_DRIVER|clk_counter[12]             ; lcd_controller:LCD_DRIVER|clk_counter[12]             ; clk          ; clk         ; 0.000        ; 0.048      ; 0.420      ;
; 0.291 ; lcd_controller:LCD_DRIVER|clk_counter[3]              ; lcd_controller:LCD_DRIVER|clk_counter[3]              ; clk          ; clk         ; 0.000        ; 0.048      ; 0.423      ;
; 0.292 ; lcd_controller:LCD_DRIVER|clk_counter[2]              ; lcd_controller:LCD_DRIVER|clk_counter[2]              ; clk          ; clk         ; 0.000        ; 0.048      ; 0.424      ;
; 0.292 ; lcd_controller:LCD_DRIVER|clk_counter[1]              ; lcd_controller:LCD_DRIVER|clk_counter[1]              ; clk          ; clk         ; 0.000        ; 0.048      ; 0.424      ;
; 0.293 ; lcd_controller:LCD_DRIVER|clk_counter[5]              ; lcd_controller:LCD_DRIVER|clk_counter[5]              ; clk          ; clk         ; 0.000        ; 0.048      ; 0.425      ;
; 0.293 ; btn_ligar_d                                           ; current_state.STATE_POWERED_OFF                       ; clk          ; clk         ; 0.000        ; 0.049      ; 0.426      ;
; 0.294 ; lcd_controller:LCD_DRIVER|clk_counter[10]             ; lcd_controller:LCD_DRIVER|clk_counter[10]             ; clk          ; clk         ; 0.000        ; 0.048      ; 0.426      ;
; 0.294 ; mem_write_enabled                                     ; memory:MEMORY|estado_atual                            ; clk          ; clk         ; 0.000        ; 0.041      ; 0.419      ;
; 0.297 ; lcd_controller:LCD_DRIVER|estado_atual.ST_escrever_L1 ; lcd_controller:LCD_DRIVER|estado_atual.ST_mover_L2    ; clk          ; clk         ; 0.000        ; 0.242      ; 0.623      ;
; 0.297 ; lcd_controller:LCD_DRIVER|clk_counter[7]              ; lcd_controller:LCD_DRIVER|clk_counter[7]              ; clk          ; clk         ; 0.000        ; 0.048      ; 0.429      ;
; 0.298 ; opcode[2]                                             ; alu_value2[8]~_Duplicate_1                            ; clk          ; clk         ; 0.000        ; 0.256      ; 0.638      ;
; 0.301 ; current_state.STATE_MEM_WAIT                          ; current_state.STATE_LCD_UPDATE                        ; clk          ; clk         ; 0.000        ; 0.041      ; 0.426      ;
; 0.308 ; lcd_controller:LCD_DRIVER|clk_counter[0]              ; lcd_controller:LCD_DRIVER|clk_counter[0]              ; clk          ; clk         ; 0.000        ; 0.048      ; 0.440      ;
; 0.312 ; immediate_extended[0]                                 ; mem_write_data[0]                                     ; clk          ; clk         ; 0.000        ; 0.240      ; 0.636      ;
; 0.316 ; module_alu:ULA|estado_atual                           ; module_alu:ULA|operationdone                          ; clk          ; clk         ; 0.000        ; 0.050      ; 0.450      ;
; 0.324 ; lcd_controller:LCD_DRIVER|estado_atual.ST_wait_clr2   ; lcd_controller:LCD_DRIVER|estado_atual.ST_avancar     ; clk          ; clk         ; 0.000        ; 0.048      ; 0.456      ;
; 0.324 ; current_state.STATE_MEM_WRITE                         ; alu_operation_enabled                                 ; clk          ; clk         ; 0.000        ; 0.050      ; 0.458      ;
; 0.331 ; lcd_controller:LCD_DRIVER|estado_atual.ST_init2       ; lcd_controller:LCD_DRIVER|estado_atual.ST_init3       ; clk          ; clk         ; 0.000        ; 0.048      ; 0.463      ;
; 0.332 ; lcd_controller:LCD_DRIVER|estado_atual.ST_feito       ; lcd_controller:LCD_DRIVER|estado_atual.ST_default     ; clk          ; clk         ; 0.000        ; 0.048      ; 0.464      ;
; 0.333 ; current_state.STATE_IDLE                              ; current_state.STATE_FETCH                             ; clk          ; clk         ; 0.000        ; 0.049      ; 0.466      ;
; 0.334 ; current_state.STATE_IDLE                              ; current_state.STATE_POWERED_OFF                       ; clk          ; clk         ; 0.000        ; 0.049      ; 0.467      ;
; 0.334 ; mem_clear                                             ; memory:MEMORY|writedone                               ; clk          ; clk         ; 0.000        ; 0.041      ; 0.459      ;
; 0.342 ; lcd_controller:LCD_DRIVER|char_index[2]               ; lcd_controller:LCD_DRIVER|char_index[3]               ; clk          ; clk         ; 0.000        ; 0.048      ; 0.474      ;
; 0.346 ; opcode[0]                                             ; alu_value2[7]~_Duplicate_1                            ; clk          ; clk         ; 0.000        ; 0.244      ; 0.674      ;
; 0.348 ; opcode[0]                                             ; alu_value2[9]~_Duplicate_1                            ; clk          ; clk         ; 0.000        ; 0.244      ; 0.676      ;
; 0.348 ; opcode[0]                                             ; alu_value2[4]~_Duplicate_1                            ; clk          ; clk         ; 0.000        ; 0.244      ; 0.676      ;
; 0.350 ; opcode[0]                                             ; alu_value2[13]~_Duplicate_1                           ; clk          ; clk         ; 0.000        ; 0.244      ; 0.678      ;
; 0.351 ; opcode[0]                                             ; alu_value2[12]~_Duplicate_1                           ; clk          ; clk         ; 0.000        ; 0.244      ; 0.679      ;
; 0.354 ; opcode[0]                                             ; alu_value2[6]~_Duplicate_1                            ; clk          ; clk         ; 0.000        ; 0.244      ; 0.682      ;
; 0.355 ; opcode[2]                                             ; alu_value2[11]~_Duplicate_1                           ; clk          ; clk         ; 0.000        ; 0.256      ; 0.695      ;
; 0.355 ; opcode[0]                                             ; alu_value2[3]~_Duplicate_1                            ; clk          ; clk         ; 0.000        ; 0.244      ; 0.683      ;
; 0.355 ; opcode[0]                                             ; alu_value2[15]~_Duplicate_1                           ; clk          ; clk         ; 0.000        ; 0.244      ; 0.683      ;
; 0.356 ; lcd_controller:LCD_DRIVER|char_index[0]               ; lcd_controller:LCD_DRIVER|char_index[2]               ; clk          ; clk         ; 0.000        ; 0.048      ; 0.488      ;
; 0.357 ; module_alu:ULA|resultvalue[1]                         ; mem_write_data[1]                                     ; clk          ; clk         ; 0.000        ; 0.047      ; 0.488      ;
; 0.362 ; lcd_controller:LCD_DRIVER|char_index[1]               ; lcd_controller:LCD_DRIVER|char_index[2]               ; clk          ; clk         ; 0.000        ; 0.048      ; 0.494      ;
; 0.369 ; instruction_register[7]                               ; mem_read_addr_1[0]                                    ; clk          ; clk         ; 0.000        ; -0.138     ; 0.315      ;
; 0.370 ; lcd_controller:LCD_DRIVER|estado_atual.ST_default     ; lcd_controller:LCD_DRIVER|estado_atual.ST_init1       ; clk          ; clk         ; 0.000        ; 0.048      ; 0.502      ;
; 0.377 ; opcode[0]                                             ; mem_write_data[13]                                    ; clk          ; clk         ; 0.000        ; 0.254      ; 0.715      ;
; 0.378 ; opcode[0]                                             ; mem_write_data[14]                                    ; clk          ; clk         ; 0.000        ; 0.254      ; 0.716      ;
; 0.379 ; mem_clear                                             ; memory:MEMORY|estado_atual                            ; clk          ; clk         ; 0.000        ; 0.041      ; 0.504      ;
; 0.379 ; current_state.STATE_ALU_START                         ; alu_operation_enabled                                 ; clk          ; clk         ; 0.000        ; 0.042      ; 0.505      ;
; 0.380 ; opcode[0]                                             ; mem_write_data[15]                                    ; clk          ; clk         ; 0.000        ; 0.254      ; 0.718      ;
; 0.380 ; opcode[0]                                             ; mem_write_data[12]                                    ; clk          ; clk         ; 0.000        ; 0.254      ; 0.718      ;
; 0.381 ; lcd_controller:LCD_DRIVER|estado_atual.ST_escrever_L1 ; lcd_controller:LCD_DRIVER|char_index[3]               ; clk          ; clk         ; 0.000        ; 0.246      ; 0.711      ;
; 0.382 ; opcode[0]                                             ; mem_write_data[10]                                    ; clk          ; clk         ; 0.000        ; 0.254      ; 0.720      ;
; 0.382 ; opcode[0]                                             ; mem_write_data[9]                                     ; clk          ; clk         ; 0.000        ; 0.254      ; 0.720      ;
; 0.382 ; lcd_controller:LCD_DRIVER|estado_atual.ST_escrever_L1 ; lcd_controller:LCD_DRIVER|char_index[2]               ; clk          ; clk         ; 0.000        ; 0.246      ; 0.712      ;
; 0.382 ; module_alu:ULA|resultvalue[2]                         ; mem_write_data[2]                                     ; clk          ; clk         ; 0.000        ; 0.047      ; 0.513      ;
; 0.383 ; opcode[0]                                             ; mem_write_data[8]                                     ; clk          ; clk         ; 0.000        ; 0.254      ; 0.721      ;
; 0.384 ; lcd_controller:LCD_DRIVER|clk_counter[10]             ; lcd_controller:LCD_DRIVER|LCD_EN                      ; clk          ; clk         ; 0.000        ; 0.047      ; 0.515      ;
; 0.385 ; opcode[1]                                             ; mem_write_data[7]                                     ; clk          ; clk         ; 0.000        ; 0.254      ; 0.723      ;
; 0.392 ; instruction_register[16]                              ; opcode[1]                                             ; clk          ; clk         ; 0.000        ; -0.151     ; 0.325      ;
; 0.393 ; current_state.STATE_DECODE                            ; current_state.STATE_ALU_START                         ; clk          ; clk         ; 0.000        ; 0.050      ; 0.527      ;
; 0.397 ; instruction_register[17]                              ; opcode[2]                                             ; clk          ; clk         ; 0.000        ; -0.151     ; 0.330      ;
; 0.398 ; instruction_register[15]                              ; opcode[0]                                             ; clk          ; clk         ; 0.000        ; -0.151     ; 0.331      ;
; 0.399 ; lcd_controller:LCD_DRIVER|estado_atual.ST_iniciar     ; lcd_controller:LCD_DRIVER|estado_atual.ST_clr         ; clk          ; clk         ; 0.000        ; -0.154     ; 0.329      ;
; 0.401 ; instruction_register[16]                              ; current_state.STATE_ALU_START                         ; clk          ; clk         ; 0.000        ; 0.064      ; 0.549      ;
; 0.407 ; immediate_extended[2]                                 ; alu_value2[2]~_Duplicate_1                            ; clk          ; clk         ; 0.000        ; 0.242      ; 0.733      ;
; 0.411 ; btn_ligar_d                                           ; current_state.STATE_FETCH                             ; clk          ; clk         ; 0.000        ; 0.049      ; 0.544      ;
; 0.422 ; current_state.STATE_POWERED_OFF                       ; current_state.STATE_IDLE                              ; clk          ; clk         ; 0.000        ; 0.049      ; 0.555      ;
+-------+-------------------------------------------------------+-------------------------------------------------------+--------------+-------------+--------------+------------+------------+


+----------------------------------------------------------------------------------------------------------------------------------------------------+
; Fast 1200mV 0C Model Recovery: 'clk'                                                                                                               ;
+--------+-------------+-------------------------------------------------------+--------------+-------------+--------------+------------+------------+
; Slack  ; From Node   ; To Node                                               ; Launch Clock ; Latch Clock ; Relationship ; Clock Skew ; Data Delay ;
+--------+-------------+-------------------------------------------------------+--------------+-------------+--------------+------------+------------+
; -1.567 ; btn_reset_d ; alu_value2[14]                                        ; clk          ; clk         ; 1.000        ; 0.054      ; 2.493      ;
; -1.567 ; btn_reset_d ; alu_value1[14]                                        ; clk          ; clk         ; 1.000        ; 0.054      ; 2.493      ;
; -1.567 ; btn_reset_d ; alu_value1[13]                                        ; clk          ; clk         ; 1.000        ; 0.054      ; 2.493      ;
; -1.567 ; btn_reset_d ; alu_value2[13]                                        ; clk          ; clk         ; 1.000        ; 0.054      ; 2.493      ;
; -1.567 ; btn_reset_d ; alu_value1[11]                                        ; clk          ; clk         ; 1.000        ; 0.054      ; 2.493      ;
; -1.567 ; btn_reset_d ; alu_value2[11]                                        ; clk          ; clk         ; 1.000        ; 0.054      ; 2.493      ;
; -1.567 ; btn_reset_d ; alu_value1[10]                                        ; clk          ; clk         ; 1.000        ; 0.054      ; 2.493      ;
; -1.567 ; btn_reset_d ; alu_value2[10]                                        ; clk          ; clk         ; 1.000        ; 0.054      ; 2.493      ;
; -1.567 ; btn_reset_d ; alu_value1[9]                                         ; clk          ; clk         ; 1.000        ; 0.054      ; 2.493      ;
; -1.567 ; btn_reset_d ; alu_value2[9]                                         ; clk          ; clk         ; 1.000        ; 0.054      ; 2.493      ;
; -1.567 ; btn_reset_d ; alu_value2[8]                                         ; clk          ; clk         ; 1.000        ; 0.054      ; 2.493      ;
; -1.567 ; btn_reset_d ; alu_value1[8]                                         ; clk          ; clk         ; 1.000        ; 0.054      ; 2.493      ;
; -1.567 ; btn_reset_d ; alu_value2[7]                                         ; clk          ; clk         ; 1.000        ; 0.054      ; 2.493      ;
; -1.567 ; btn_reset_d ; alu_value1[7]                                         ; clk          ; clk         ; 1.000        ; 0.054      ; 2.493      ;
; -1.567 ; btn_reset_d ; alu_value2[6]                                         ; clk          ; clk         ; 1.000        ; 0.054      ; 2.493      ;
; -1.567 ; btn_reset_d ; alu_value1[6]                                         ; clk          ; clk         ; 1.000        ; 0.054      ; 2.493      ;
; -1.567 ; btn_reset_d ; alu_value1[5]                                         ; clk          ; clk         ; 1.000        ; 0.054      ; 2.493      ;
; -1.567 ; btn_reset_d ; alu_value2[5]                                         ; clk          ; clk         ; 1.000        ; 0.054      ; 2.493      ;
; -1.567 ; btn_reset_d ; alu_value1[4]                                         ; clk          ; clk         ; 1.000        ; 0.054      ; 2.493      ;
; -1.567 ; btn_reset_d ; alu_value2[4]                                         ; clk          ; clk         ; 1.000        ; 0.054      ; 2.493      ;
; -1.567 ; btn_reset_d ; alu_value1[3]                                         ; clk          ; clk         ; 1.000        ; 0.054      ; 2.493      ;
; -1.567 ; btn_reset_d ; alu_value2[3]                                         ; clk          ; clk         ; 1.000        ; 0.054      ; 2.493      ;
; -1.567 ; btn_reset_d ; alu_value2[2]                                         ; clk          ; clk         ; 1.000        ; 0.054      ; 2.493      ;
; -1.567 ; btn_reset_d ; alu_value1[2]                                         ; clk          ; clk         ; 1.000        ; 0.054      ; 2.493      ;
; -1.567 ; btn_reset_d ; alu_value1[1]                                         ; clk          ; clk         ; 1.000        ; 0.054      ; 2.493      ;
; -1.567 ; btn_reset_d ; alu_value2[1]                                         ; clk          ; clk         ; 1.000        ; 0.054      ; 2.493      ;
; -1.567 ; btn_reset_d ; alu_value1[15]                                        ; clk          ; clk         ; 1.000        ; 0.054      ; 2.493      ;
; -1.567 ; btn_reset_d ; alu_value1[12]                                        ; clk          ; clk         ; 1.000        ; 0.054      ; 2.493      ;
; -1.567 ; btn_reset_d ; alu_value1[0]                                         ; clk          ; clk         ; 1.000        ; 0.054      ; 2.493      ;
; -1.567 ; btn_reset_d ; alu_value2[0]                                         ; clk          ; clk         ; 1.000        ; 0.054      ; 2.493      ;
; -1.567 ; btn_reset_d ; alu_value2[15]                                        ; clk          ; clk         ; 1.000        ; 0.054      ; 2.493      ;
; -1.567 ; btn_reset_d ; alu_value2[12]                                        ; clk          ; clk         ; 1.000        ; 0.054      ; 2.493      ;
; -1.484 ; btn_reset_d ; opcode[0]                                             ; clk          ; clk         ; 1.000        ; -0.039     ; 2.432      ;
; -1.484 ; btn_reset_d ; opcode[1]                                             ; clk          ; clk         ; 1.000        ; -0.039     ; 2.432      ;
; -1.484 ; btn_reset_d ; opcode[2]                                             ; clk          ; clk         ; 1.000        ; -0.039     ; 2.432      ;
; -1.484 ; btn_reset_d ; current_state.STATE_MEM_WAIT                          ; clk          ; clk         ; 1.000        ; -0.045     ; 2.426      ;
; -1.484 ; btn_reset_d ; mem_clear                                             ; clk          ; clk         ; 1.000        ; -0.045     ; 2.426      ;
; -1.484 ; btn_reset_d ; mem_write_enabled                                     ; clk          ; clk         ; 1.000        ; -0.045     ; 2.426      ;
; -1.484 ; btn_reset_d ; memory:MEMORY|estado_atual                            ; clk          ; clk         ; 1.000        ; -0.045     ; 2.426      ;
; -1.484 ; btn_reset_d ; current_state.STATE_LCD_UPDATE                        ; clk          ; clk         ; 1.000        ; -0.045     ; 2.426      ;
; -1.484 ; btn_reset_d ; immediate_extended[0]                                 ; clk          ; clk         ; 1.000        ; -0.039     ; 2.432      ;
; -1.484 ; btn_reset_d ; immediate_extended[1]                                 ; clk          ; clk         ; 1.000        ; -0.039     ; 2.432      ;
; -1.484 ; btn_reset_d ; immediate_extended[2]                                 ; clk          ; clk         ; 1.000        ; -0.039     ; 2.432      ;
; -1.483 ; btn_reset_d ; lcd_controller:LCD_DRIVER|estado_atual.ST_clr         ; clk          ; clk         ; 1.000        ; -0.062     ; 2.408      ;
; -1.483 ; btn_reset_d ; lcd_controller:LCD_DRIVER|estado_atual.ST_wait_clr1   ; clk          ; clk         ; 1.000        ; -0.062     ; 2.408      ;
; -1.483 ; btn_reset_d ; lcd_controller:LCD_DRIVER|estado_atual.ST_escrever_L1 ; clk          ; clk         ; 1.000        ; -0.062     ; 2.408      ;
; -1.476 ; btn_reset_d ; mem_read_addr_1[2]                                    ; clk          ; clk         ; 1.000        ; -0.052     ; 2.411      ;
; -1.476 ; btn_reset_d ; mem_read_addr_1[3]                                    ; clk          ; clk         ; 1.000        ; -0.052     ; 2.411      ;
; -1.476 ; btn_reset_d ; immediate_extended[6]                                 ; clk          ; clk         ; 1.000        ; -0.052     ; 2.411      ;
; -1.476 ; btn_reset_d ; immediate_extended[5]                                 ; clk          ; clk         ; 1.000        ; -0.052     ; 2.411      ;
; -1.467 ; btn_reset_d ; mem_read_addr_1[0]                                    ; clk          ; clk         ; 1.000        ; -0.033     ; 2.421      ;
; -1.467 ; btn_reset_d ; mem_read_addr_1[1]                                    ; clk          ; clk         ; 1.000        ; -0.033     ; 2.421      ;
; -1.467 ; btn_reset_d ; immediate_extended[3]                                 ; clk          ; clk         ; 1.000        ; -0.037     ; 2.417      ;
; -1.467 ; btn_reset_d ; r_dest[3]                                             ; clk          ; clk         ; 1.000        ; -0.033     ; 2.421      ;
; -1.467 ; btn_reset_d ; r_dest[2]                                             ; clk          ; clk         ; 1.000        ; -0.033     ; 2.421      ;
; -1.467 ; btn_reset_d ; r_dest[0]                                             ; clk          ; clk         ; 1.000        ; -0.033     ; 2.421      ;
; -1.467 ; btn_reset_d ; r_dest[1]                                             ; clk          ; clk         ; 1.000        ; -0.033     ; 2.421      ;
; -1.467 ; btn_reset_d ; immediate_extended[4]                                 ; clk          ; clk         ; 1.000        ; -0.037     ; 2.417      ;
; -1.467 ; btn_reset_d ; btn_reset_d                                           ; clk          ; clk         ; 1.000        ; -0.041     ; 2.413      ;
; -1.306 ; btn_reset_d ; module_alu:ULA|resultvalue[14]                        ; clk          ; clk         ; 1.000        ; 0.144      ; 2.437      ;
; -1.306 ; btn_reset_d ; module_alu:ULA|resultvalue[15]                        ; clk          ; clk         ; 1.000        ; 0.144      ; 2.437      ;
; -1.306 ; btn_reset_d ; module_alu:ULA|resultvalue[13]                        ; clk          ; clk         ; 1.000        ; 0.144      ; 2.437      ;
; -1.306 ; btn_reset_d ; module_alu:ULA|resultvalue[12]                        ; clk          ; clk         ; 1.000        ; 0.144      ; 2.437      ;
; -1.306 ; btn_reset_d ; module_alu:ULA|resultvalue[11]                        ; clk          ; clk         ; 1.000        ; 0.144      ; 2.437      ;
; -1.306 ; btn_reset_d ; module_alu:ULA|resultvalue[10]                        ; clk          ; clk         ; 1.000        ; 0.144      ; 2.437      ;
; -1.306 ; btn_reset_d ; module_alu:ULA|resultvalue[9]                         ; clk          ; clk         ; 1.000        ; 0.144      ; 2.437      ;
; -1.306 ; btn_reset_d ; module_alu:ULA|resultvalue[8]                         ; clk          ; clk         ; 1.000        ; 0.144      ; 2.437      ;
; -1.306 ; btn_reset_d ; module_alu:ULA|resultvalue[7]                         ; clk          ; clk         ; 1.000        ; 0.144      ; 2.437      ;
; -1.304 ; btn_reset_d ; mem_write_addr[3]                                     ; clk          ; clk         ; 1.000        ; 0.116      ; 2.407      ;
; -1.304 ; btn_reset_d ; mem_write_addr[2]                                     ; clk          ; clk         ; 1.000        ; 0.116      ; 2.407      ;
; -1.304 ; btn_reset_d ; mem_write_addr[0]                                     ; clk          ; clk         ; 1.000        ; 0.116      ; 2.407      ;
; -1.304 ; btn_reset_d ; mem_write_addr[1]                                     ; clk          ; clk         ; 1.000        ; 0.116      ; 2.407      ;
; -1.304 ; btn_reset_d ; mem_write_data[5]                                     ; clk          ; clk         ; 1.000        ; 0.116      ; 2.407      ;
; -1.304 ; btn_reset_d ; mem_write_data[6]                                     ; clk          ; clk         ; 1.000        ; 0.116      ; 2.407      ;
; -1.296 ; btn_reset_d ; module_alu:ULA|resultvalue[6]                         ; clk          ; clk         ; 1.000        ; 0.154      ; 2.437      ;
; -1.296 ; btn_reset_d ; module_alu:ULA|resultvalue[5]                         ; clk          ; clk         ; 1.000        ; 0.154      ; 2.437      ;
; -1.296 ; btn_reset_d ; module_alu:ULA|resultvalue[4]                         ; clk          ; clk         ; 1.000        ; 0.154      ; 2.437      ;
; -1.296 ; btn_reset_d ; module_alu:ULA|resultvalue[3]                         ; clk          ; clk         ; 1.000        ; 0.154      ; 2.437      ;
; -1.296 ; btn_reset_d ; module_alu:ULA|resultvalue[2]                         ; clk          ; clk         ; 1.000        ; 0.154      ; 2.437      ;
; -1.296 ; btn_reset_d ; module_alu:ULA|resultvalue[1]                         ; clk          ; clk         ; 1.000        ; 0.154      ; 2.437      ;
; -1.296 ; btn_reset_d ; module_alu:ULA|resultvalue[0]                         ; clk          ; clk         ; 1.000        ; 0.154      ; 2.437      ;
; -1.293 ; btn_reset_d ; alu_value1[7]~_Duplicate_1                            ; clk          ; clk         ; 1.000        ; 0.153      ; 2.433      ;
; -1.293 ; btn_reset_d ; alu_value1[5]~_Duplicate_1                            ; clk          ; clk         ; 1.000        ; 0.153      ; 2.433      ;
; -1.293 ; btn_reset_d ; alu_value2[5]~_Duplicate_1                            ; clk          ; clk         ; 1.000        ; 0.153      ; 2.433      ;
; -1.293 ; btn_reset_d ; alu_value2[2]~_Duplicate_1                            ; clk          ; clk         ; 1.000        ; 0.153      ; 2.433      ;
; -1.293 ; btn_reset_d ; alu_value2[0]~_Duplicate_1                            ; clk          ; clk         ; 1.000        ; 0.153      ; 2.433      ;
; -1.293 ; btn_reset_d ; mem_write_data[0]                                     ; clk          ; clk         ; 1.000        ; 0.152      ; 2.432      ;
; -1.293 ; btn_reset_d ; mem_write_data[1]                                     ; clk          ; clk         ; 1.000        ; 0.152      ; 2.432      ;
; -1.293 ; btn_reset_d ; mem_write_data[2]                                     ; clk          ; clk         ; 1.000        ; 0.152      ; 2.432      ;
; -1.292 ; btn_reset_d ; alu_value1[11]~_Duplicate_1                           ; clk          ; clk         ; 1.000        ; 0.148      ; 2.427      ;
; -1.292 ; btn_reset_d ; alu_value1[9]~_Duplicate_1                            ; clk          ; clk         ; 1.000        ; 0.148      ; 2.427      ;
; -1.292 ; btn_reset_d ; alu_value1[3]~_Duplicate_1                            ; clk          ; clk         ; 1.000        ; 0.148      ; 2.427      ;
; -1.292 ; btn_reset_d ; alu_value1[1]~_Duplicate_1                            ; clk          ; clk         ; 1.000        ; 0.148      ; 2.427      ;
; -1.292 ; btn_reset_d ; instruction_register[15]                              ; clk          ; clk         ; 1.000        ; 0.153      ; 2.432      ;
; -1.292 ; btn_reset_d ; instruction_register[16]                              ; clk          ; clk         ; 1.000        ; 0.153      ; 2.432      ;
; -1.292 ; btn_reset_d ; instruction_register[17]                              ; clk          ; clk         ; 1.000        ; 0.153      ; 2.432      ;
; -1.292 ; btn_reset_d ; instruction_register[5]                               ; clk          ; clk         ; 1.000        ; 0.153      ; 2.432      ;
; -1.292 ; btn_reset_d ; instruction_register[0]                               ; clk          ; clk         ; 1.000        ; 0.153      ; 2.432      ;
; -1.292 ; btn_reset_d ; instruction_register[1]                               ; clk          ; clk         ; 1.000        ; 0.153      ; 2.432      ;
; -1.292 ; btn_reset_d ; instruction_register[2]                               ; clk          ; clk         ; 1.000        ; 0.153      ; 2.432      ;
+--------+-------------+-------------------------------------------------------+--------------+-------------+--------------+------------+------------+


+---------------------------------------------------------------------------------------------------------------------------------------------------+
; Fast 1200mV 0C Model Removal: 'clk'                                                                                                               ;
+-------+-------------+-------------------------------------------------------+--------------+-------------+--------------+------------+------------+
; Slack ; From Node   ; To Node                                               ; Launch Clock ; Latch Clock ; Relationship ; Clock Skew ; Data Delay ;
+-------+-------------+-------------------------------------------------------+--------------+-------------+--------------+------------+------------+
; 1.847 ; btn_reset_d ; current_state.STATE_DECODE                            ; clk          ; clk         ; 0.000        ; 0.288      ; 2.219      ;
; 1.847 ; btn_reset_d ; current_state.STATE_ALU_START                         ; clk          ; clk         ; 0.000        ; 0.288      ; 2.219      ;
; 1.848 ; btn_reset_d ; alu_opcode[1]                                         ; clk          ; clk         ; 0.000        ; 0.289      ; 2.221      ;
; 1.848 ; btn_reset_d ; alu_opcode[2]                                         ; clk          ; clk         ; 0.000        ; 0.289      ; 2.221      ;
; 1.848 ; btn_reset_d ; alu_opcode[0]                                         ; clk          ; clk         ; 0.000        ; 0.289      ; 2.221      ;
; 1.849 ; btn_reset_d ; alu_value2[14]~_Duplicate_1                           ; clk          ; clk         ; 0.000        ; 0.288      ; 2.221      ;
; 1.849 ; btn_reset_d ; alu_value1[14]~_Duplicate_1                           ; clk          ; clk         ; 0.000        ; 0.288      ; 2.221      ;
; 1.849 ; btn_reset_d ; alu_value2[11]~_Duplicate_1                           ; clk          ; clk         ; 0.000        ; 0.288      ; 2.221      ;
; 1.849 ; btn_reset_d ; alu_value2[10]~_Duplicate_1                           ; clk          ; clk         ; 0.000        ; 0.288      ; 2.221      ;
; 1.849 ; btn_reset_d ; alu_value2[8]~_Duplicate_1                            ; clk          ; clk         ; 0.000        ; 0.288      ; 2.221      ;
; 1.849 ; btn_reset_d ; alu_value1[15]~_Duplicate_1                           ; clk          ; clk         ; 0.000        ; 0.288      ; 2.221      ;
; 1.853 ; btn_reset_d ; alu_operation_enabled                                 ; clk          ; clk         ; 0.000        ; 0.280      ; 2.217      ;
; 1.853 ; btn_reset_d ; module_alu:ULA|estado_atual                           ; clk          ; clk         ; 0.000        ; 0.280      ; 2.217      ;
; 1.853 ; btn_reset_d ; module_alu:ULA|operationdone                          ; clk          ; clk         ; 0.000        ; 0.280      ; 2.217      ;
; 1.853 ; btn_reset_d ; current_state.STATE_ALU_WAIT                          ; clk          ; clk         ; 0.000        ; 0.280      ; 2.217      ;
; 1.853 ; btn_reset_d ; current_state.STATE_MEM_WRITE                         ; clk          ; clk         ; 0.000        ; 0.280      ; 2.217      ;
; 1.857 ; btn_reset_d ; alu_value2[13]~_Duplicate_1                           ; clk          ; clk         ; 0.000        ; 0.276      ; 2.217      ;
; 1.857 ; btn_reset_d ; alu_value2[9]~_Duplicate_1                            ; clk          ; clk         ; 0.000        ; 0.276      ; 2.217      ;
; 1.857 ; btn_reset_d ; alu_value2[7]~_Duplicate_1                            ; clk          ; clk         ; 0.000        ; 0.276      ; 2.217      ;
; 1.857 ; btn_reset_d ; alu_value2[6]~_Duplicate_1                            ; clk          ; clk         ; 0.000        ; 0.276      ; 2.217      ;
; 1.857 ; btn_reset_d ; alu_value2[4]~_Duplicate_1                            ; clk          ; clk         ; 0.000        ; 0.276      ; 2.217      ;
; 1.857 ; btn_reset_d ; alu_value2[3]~_Duplicate_1                            ; clk          ; clk         ; 0.000        ; 0.276      ; 2.217      ;
; 1.857 ; btn_reset_d ; alu_value2[15]~_Duplicate_1                           ; clk          ; clk         ; 0.000        ; 0.276      ; 2.217      ;
; 1.857 ; btn_reset_d ; alu_value2[12]~_Duplicate_1                           ; clk          ; clk         ; 0.000        ; 0.276      ; 2.217      ;
; 1.858 ; btn_reset_d ; alu_value1[13]~_Duplicate_1                           ; clk          ; clk         ; 0.000        ; 0.274      ; 2.216      ;
; 1.858 ; btn_reset_d ; alu_value1[10]~_Duplicate_1                           ; clk          ; clk         ; 0.000        ; 0.274      ; 2.216      ;
; 1.858 ; btn_reset_d ; alu_value1[8]~_Duplicate_1                            ; clk          ; clk         ; 0.000        ; 0.274      ; 2.216      ;
; 1.858 ; btn_reset_d ; alu_value1[6]~_Duplicate_1                            ; clk          ; clk         ; 0.000        ; 0.274      ; 2.216      ;
; 1.858 ; btn_reset_d ; alu_value1[4]~_Duplicate_1                            ; clk          ; clk         ; 0.000        ; 0.274      ; 2.216      ;
; 1.858 ; btn_reset_d ; alu_value1[2]~_Duplicate_1                            ; clk          ; clk         ; 0.000        ; 0.274      ; 2.216      ;
; 1.858 ; btn_reset_d ; alu_value1[12]~_Duplicate_1                           ; clk          ; clk         ; 0.000        ; 0.274      ; 2.216      ;
; 1.858 ; btn_reset_d ; alu_value1[0]~_Duplicate_1                            ; clk          ; clk         ; 0.000        ; 0.274      ; 2.216      ;
; 1.860 ; btn_reset_d ; btn_ligar_d                                           ; clk          ; clk         ; 0.000        ; 0.270      ; 2.214      ;
; 1.860 ; btn_reset_d ; btn_enviar_d                                          ; clk          ; clk         ; 0.000        ; 0.270      ; 2.214      ;
; 1.860 ; btn_reset_d ; current_state.STATE_POWERED_OFF                       ; clk          ; clk         ; 0.000        ; 0.270      ; 2.214      ;
; 1.860 ; btn_reset_d ; current_state.STATE_IDLE                              ; clk          ; clk         ; 0.000        ; 0.270      ; 2.214      ;
; 1.860 ; btn_reset_d ; current_state.STATE_FETCH                             ; clk          ; clk         ; 0.000        ; 0.270      ; 2.214      ;
; 1.861 ; btn_reset_d ; lcd_controller:LCD_DRIVER|char_index[0]               ; clk          ; clk         ; 0.000        ; 0.255      ; 2.200      ;
; 1.861 ; btn_reset_d ; lcd_controller:LCD_DRIVER|char_index[1]               ; clk          ; clk         ; 0.000        ; 0.255      ; 2.200      ;
; 1.861 ; btn_reset_d ; lcd_controller:LCD_DRIVER|char_index[2]               ; clk          ; clk         ; 0.000        ; 0.255      ; 2.200      ;
; 1.861 ; btn_reset_d ; lcd_controller:LCD_DRIVER|char_index[3]               ; clk          ; clk         ; 0.000        ; 0.255      ; 2.200      ;
; 1.862 ; btn_reset_d ; lcd_controller:LCD_DRIVER|clk_counter[0]              ; clk          ; clk         ; 0.000        ; 0.245      ; 2.191      ;
; 1.862 ; btn_reset_d ; lcd_controller:LCD_DRIVER|clk_counter[1]              ; clk          ; clk         ; 0.000        ; 0.245      ; 2.191      ;
; 1.862 ; btn_reset_d ; lcd_controller:LCD_DRIVER|clk_counter[2]              ; clk          ; clk         ; 0.000        ; 0.245      ; 2.191      ;
; 1.862 ; btn_reset_d ; lcd_controller:LCD_DRIVER|clk_counter[3]              ; clk          ; clk         ; 0.000        ; 0.245      ; 2.191      ;
; 1.862 ; btn_reset_d ; lcd_controller:LCD_DRIVER|clk_counter[4]              ; clk          ; clk         ; 0.000        ; 0.247      ; 2.193      ;
; 1.862 ; btn_reset_d ; lcd_controller:LCD_DRIVER|clk_counter[5]              ; clk          ; clk         ; 0.000        ; 0.245      ; 2.191      ;
; 1.862 ; btn_reset_d ; lcd_controller:LCD_DRIVER|clk_counter[6]              ; clk          ; clk         ; 0.000        ; 0.245      ; 2.191      ;
; 1.862 ; btn_reset_d ; lcd_controller:LCD_DRIVER|clk_counter[7]              ; clk          ; clk         ; 0.000        ; 0.245      ; 2.191      ;
; 1.862 ; btn_reset_d ; lcd_controller:LCD_DRIVER|clk_counter[8]              ; clk          ; clk         ; 0.000        ; 0.245      ; 2.191      ;
; 1.862 ; btn_reset_d ; lcd_controller:LCD_DRIVER|clk_counter[9]              ; clk          ; clk         ; 0.000        ; 0.245      ; 2.191      ;
; 1.862 ; btn_reset_d ; lcd_controller:LCD_DRIVER|clk_counter[10]             ; clk          ; clk         ; 0.000        ; 0.248      ; 2.194      ;
; 1.862 ; btn_reset_d ; lcd_controller:LCD_DRIVER|clk_counter[11]             ; clk          ; clk         ; 0.000        ; 0.248      ; 2.194      ;
; 1.862 ; btn_reset_d ; lcd_controller:LCD_DRIVER|clk_counter[12]             ; clk          ; clk         ; 0.000        ; 0.248      ; 2.194      ;
; 1.862 ; btn_reset_d ; lcd_controller:LCD_DRIVER|clk_counter[13]             ; clk          ; clk         ; 0.000        ; 0.248      ; 2.194      ;
; 1.862 ; btn_reset_d ; lcd_controller:LCD_DRIVER|clk_counter[14]             ; clk          ; clk         ; 0.000        ; 0.248      ; 2.194      ;
; 1.862 ; btn_reset_d ; lcd_controller:LCD_DRIVER|clk_counter[15]             ; clk          ; clk         ; 0.000        ; 0.248      ; 2.194      ;
; 1.862 ; btn_reset_d ; lcd_controller:LCD_DRIVER|clk_counter[16]             ; clk          ; clk         ; 0.000        ; 0.248      ; 2.194      ;
; 1.862 ; btn_reset_d ; lcd_controller:LCD_DRIVER|clk_counter[17]             ; clk          ; clk         ; 0.000        ; 0.248      ; 2.194      ;
; 1.862 ; btn_reset_d ; lcd_controller:LCD_DRIVER|clk_counter[18]             ; clk          ; clk         ; 0.000        ; 0.248      ; 2.194      ;
; 1.862 ; btn_reset_d ; lcd_controller:LCD_DRIVER|clk_counter[19]             ; clk          ; clk         ; 0.000        ; 0.248      ; 2.194      ;
; 1.862 ; btn_reset_d ; lcd_controller:LCD_DRIVER|tick                        ; clk          ; clk         ; 0.000        ; 0.247      ; 2.193      ;
; 1.862 ; btn_reset_d ; lcd_controller:LCD_DRIVER|estado_atual.ST_default     ; clk          ; clk         ; 0.000        ; 0.251      ; 2.197      ;
; 1.862 ; btn_reset_d ; lcd_controller:LCD_DRIVER|estado_atual.ST_init1       ; clk          ; clk         ; 0.000        ; 0.251      ; 2.197      ;
; 1.862 ; btn_reset_d ; lcd_controller:LCD_DRIVER|estado_atual.ST_init2       ; clk          ; clk         ; 0.000        ; 0.251      ; 2.197      ;
; 1.862 ; btn_reset_d ; lcd_controller:LCD_DRIVER|estado_atual.ST_init3       ; clk          ; clk         ; 0.000        ; 0.251      ; 2.197      ;
; 1.862 ; btn_reset_d ; lcd_controller:LCD_DRIVER|estado_atual.ST_iniciar     ; clk          ; clk         ; 0.000        ; 0.251      ; 2.197      ;
; 1.862 ; btn_reset_d ; lcd_controller:LCD_DRIVER|estado_atual.ST_wait_clr2   ; clk          ; clk         ; 0.000        ; 0.251      ; 2.197      ;
; 1.862 ; btn_reset_d ; lcd_controller:LCD_DRIVER|estado_atual.ST_avancar     ; clk          ; clk         ; 0.000        ; 0.251      ; 2.197      ;
; 1.862 ; btn_reset_d ; lcd_controller:LCD_DRIVER|estado_atual.ST_mover_L2    ; clk          ; clk         ; 0.000        ; 0.251      ; 2.197      ;
; 1.862 ; btn_reset_d ; lcd_controller:LCD_DRIVER|estado_atual.ST_escrever_L2 ; clk          ; clk         ; 0.000        ; 0.251      ; 2.197      ;
; 1.862 ; btn_reset_d ; lcd_controller:LCD_DRIVER|estado_atual.ST_feito       ; clk          ; clk         ; 0.000        ; 0.251      ; 2.197      ;
; 1.862 ; btn_reset_d ; lcd_controller:LCD_DRIVER|LCD_EN                      ; clk          ; clk         ; 0.000        ; 0.247      ; 2.193      ;
; 1.863 ; btn_reset_d ; alu_value1[11]~_Duplicate_1                           ; clk          ; clk         ; 0.000        ; 0.268      ; 2.215      ;
; 1.863 ; btn_reset_d ; alu_value1[9]~_Duplicate_1                            ; clk          ; clk         ; 0.000        ; 0.268      ; 2.215      ;
; 1.863 ; btn_reset_d ; alu_value1[7]~_Duplicate_1                            ; clk          ; clk         ; 0.000        ; 0.274      ; 2.221      ;
; 1.863 ; btn_reset_d ; alu_value1[5]~_Duplicate_1                            ; clk          ; clk         ; 0.000        ; 0.274      ; 2.221      ;
; 1.863 ; btn_reset_d ; alu_value2[5]~_Duplicate_1                            ; clk          ; clk         ; 0.000        ; 0.274      ; 2.221      ;
; 1.863 ; btn_reset_d ; alu_value1[3]~_Duplicate_1                            ; clk          ; clk         ; 0.000        ; 0.268      ; 2.215      ;
; 1.863 ; btn_reset_d ; alu_value2[2]~_Duplicate_1                            ; clk          ; clk         ; 0.000        ; 0.274      ; 2.221      ;
; 1.863 ; btn_reset_d ; alu_value1[1]~_Duplicate_1                            ; clk          ; clk         ; 0.000        ; 0.268      ; 2.215      ;
; 1.863 ; btn_reset_d ; alu_value2[0]~_Duplicate_1                            ; clk          ; clk         ; 0.000        ; 0.274      ; 2.221      ;
; 1.863 ; btn_reset_d ; instruction_register[15]                              ; clk          ; clk         ; 0.000        ; 0.273      ; 2.220      ;
; 1.863 ; btn_reset_d ; instruction_register[16]                              ; clk          ; clk         ; 0.000        ; 0.273      ; 2.220      ;
; 1.863 ; btn_reset_d ; instruction_register[17]                              ; clk          ; clk         ; 0.000        ; 0.273      ; 2.220      ;
; 1.863 ; btn_reset_d ; instruction_register[5]                               ; clk          ; clk         ; 0.000        ; 0.273      ; 2.220      ;
; 1.863 ; btn_reset_d ; instruction_register[0]                               ; clk          ; clk         ; 0.000        ; 0.273      ; 2.220      ;
; 1.863 ; btn_reset_d ; mem_write_data[0]                                     ; clk          ; clk         ; 0.000        ; 0.272      ; 2.219      ;
; 1.863 ; btn_reset_d ; instruction_register[1]                               ; clk          ; clk         ; 0.000        ; 0.273      ; 2.220      ;
; 1.863 ; btn_reset_d ; mem_write_data[1]                                     ; clk          ; clk         ; 0.000        ; 0.272      ; 2.219      ;
; 1.863 ; btn_reset_d ; instruction_register[2]                               ; clk          ; clk         ; 0.000        ; 0.273      ; 2.220      ;
; 1.863 ; btn_reset_d ; mem_write_data[2]                                     ; clk          ; clk         ; 0.000        ; 0.272      ; 2.219      ;
; 1.866 ; btn_reset_d ; module_alu:ULA|resultvalue[6]                         ; clk          ; clk         ; 0.000        ; 0.274      ; 2.224      ;
; 1.866 ; btn_reset_d ; module_alu:ULA|resultvalue[5]                         ; clk          ; clk         ; 0.000        ; 0.274      ; 2.224      ;
; 1.866 ; btn_reset_d ; module_alu:ULA|resultvalue[4]                         ; clk          ; clk         ; 0.000        ; 0.274      ; 2.224      ;
; 1.866 ; btn_reset_d ; module_alu:ULA|resultvalue[3]                         ; clk          ; clk         ; 0.000        ; 0.274      ; 2.224      ;
; 1.866 ; btn_reset_d ; module_alu:ULA|resultvalue[2]                         ; clk          ; clk         ; 0.000        ; 0.274      ; 2.224      ;
; 1.866 ; btn_reset_d ; module_alu:ULA|resultvalue[1]                         ; clk          ; clk         ; 0.000        ; 0.274      ; 2.224      ;
; 1.866 ; btn_reset_d ; module_alu:ULA|resultvalue[0]                         ; clk          ; clk         ; 0.000        ; 0.274      ; 2.224      ;
; 1.875 ; btn_reset_d ; alu_value2[1]~_Duplicate_1                            ; clk          ; clk         ; 0.000        ; 0.271      ; 2.230      ;
+-------+-------------+-------------------------------------------------------+--------------+-------------+--------------+------------+------------+


----------------------------------------------
; Fast 1200mV 0C Model Metastability Summary ;
----------------------------------------------
Design MTBF is not calculated because the design doesn't meet its timing requirements.



+---------------------------------------------------------------------------------+
; Multicorner Timing Analysis Summary                                             ;
+------------------+-----------+-------+----------+---------+---------------------+
; Clock            ; Setup     ; Hold  ; Recovery ; Removal ; Minimum Pulse Width ;
+------------------+-----------+-------+----------+---------+---------------------+
; Worst-case Slack ; -5.194    ; 0.144 ; -3.870   ; 1.847   ; -3.000              ;
;  clk             ; -5.194    ; 0.144 ; -3.870   ; 1.847   ; -3.000              ;
; Design-wide TNS  ; -1428.549 ; 0.0   ; -670.722 ; 0.0     ; -641.27             ;
;  clk             ; -1428.549 ; 0.000 ; -670.722 ; 0.000   ; -641.270            ;
+------------------+-----------+-------+----------+---------+---------------------+


+-------------------------------------------------------------------------------------------------------------------------------------------------------------------------------------------------------------------------------------------------------------------------------------------------------------------------------------------------------------------------------------------------------------------+
; Board Trace Model Assignments                                                                                                                                                                                                                                                                                                                                                                                     ;
+----------------+--------------+-------------------+-------------------------+-------------------------+---------------+---------------------+----------------+------------------+--------+------------------+------------------------+------------------------+--------------+---------------+-----------------+-------+---------------------+--------------------+---------------+-----------------+-------------+
; Pin            ; I/O Standard ; Near Tline Length ; Near Tline L per Length ; Near Tline C per Length ; Near Series R ; Near Differential R ; Near Pull-up R ; Near Pull-down R ; Near C ; Far Tline Length ; Far Tline L per Length ; Far Tline C per Length ; Far Series R ; Far Pull-up R ; Far Pull-down R ; Far C ; Termination Voltage ; Far Differential R ; EBD File Name ; EBD Signal Name ; EBD Far-end ;
+----------------+--------------+-------------------+-------------------------+-------------------------+---------------+---------------------+----------------+------------------+--------+------------------+------------------------+------------------------+--------------+---------------+-----------------+-------+---------------------+--------------------+---------------+-----------------+-------------+
; lcd_rs         ; 2.5 V        ; 0 in              ; 0 H/in                  ; 0 F/in                  ; short         ; -                   ; open           ; open             ; open   ; 0 in             ; 0 H/in                 ; 0 F/in                 ; short        ; open          ; open            ; open  ; 0 V                 ; -                  ; n/a           ; n/a             ; n/a         ;
; lcd_rw         ; 2.5 V        ; 0 in              ; 0 H/in                  ; 0 F/in                  ; short         ; -                   ; open           ; open             ; open   ; 0 in             ; 0 H/in                 ; 0 F/in                 ; short        ; open          ; open            ; open  ; 0 V                 ; -                  ; n/a           ; n/a             ; n/a         ;
; lcd_en         ; 2.5 V        ; 0 in              ; 0 H/in                  ; 0 F/in                  ; short         ; -                   ; open           ; open             ; open   ; 0 in             ; 0 H/in                 ; 0 F/in                 ; short        ; open          ; open            ; open  ; 0 V                 ; -                  ; n/a           ; n/a             ; n/a         ;
; lcd_data[0]    ; 2.5 V        ; 0 in              ; 0 H/in                  ; 0 F/in                  ; short         ; -                   ; open           ; open             ; open   ; 0 in             ; 0 H/in                 ; 0 F/in                 ; short        ; open          ; open            ; open  ; 0 V                 ; -                  ; n/a           ; n/a             ; n/a         ;
; lcd_data[1]    ; 2.5 V        ; 0 in              ; 0 H/in                  ; 0 F/in                  ; short         ; -                   ; open           ; open             ; open   ; 0 in             ; 0 H/in                 ; 0 F/in                 ; short        ; open          ; open            ; open  ; 0 V                 ; -                  ; n/a           ; n/a             ; n/a         ;
; lcd_data[2]    ; 2.5 V        ; 0 in              ; 0 H/in                  ; 0 F/in                  ; short         ; -                   ; open           ; open             ; open   ; 0 in             ; 0 H/in                 ; 0 F/in                 ; short        ; open          ; open            ; open  ; 0 V                 ; -                  ; n/a           ; n/a             ; n/a         ;
; lcd_data[3]    ; 2.5 V        ; 0 in              ; 0 H/in                  ; 0 F/in                  ; short         ; -                   ; open           ; open             ; open   ; 0 in             ; 0 H/in                 ; 0 F/in                 ; short        ; open          ; open            ; open  ; 0 V                 ; -                  ; n/a           ; n/a             ; n/a         ;
; lcd_data[4]    ; 2.5 V        ; 0 in              ; 0 H/in                  ; 0 F/in                  ; short         ; -                   ; open           ; open             ; open   ; 0 in             ; 0 H/in                 ; 0 F/in                 ; short        ; open          ; open            ; open  ; 0 V                 ; -                  ; n/a           ; n/a             ; n/a         ;
; lcd_data[5]    ; 2.5 V        ; 0 in              ; 0 H/in                  ; 0 F/in                  ; short         ; -                   ; open           ; open             ; open   ; 0 in             ; 0 H/in                 ; 0 F/in                 ; short        ; open          ; open            ; open  ; 0 V                 ; -                  ; n/a           ; n/a             ; n/a         ;
; lcd_data[6]    ; 2.5 V        ; 0 in              ; 0 H/in                  ; 0 F/in                  ; short         ; -                   ; open           ; open             ; open   ; 0 in             ; 0 H/in                 ; 0 F/in                 ; short        ; open          ; open            ; open  ; 0 V                 ; -                  ; n/a           ; n/a             ; n/a         ;
; lcd_data[7]    ; 2.5 V        ; 0 in              ; 0 H/in                  ; 0 F/in                  ; short         ; -                   ; open           ; open             ; open   ; 0 in             ; 0 H/in                 ; 0 F/in                 ; short        ; open          ; open            ; open  ; 0 V                 ; -                  ; n/a           ; n/a             ; n/a         ;
; Temp_mem_1[0]  ; 2.5 V        ; 0 in              ; 0 H/in                  ; 0 F/in                  ; short         ; -                   ; open           ; open             ; open   ; 0 in             ; 0 H/in                 ; 0 F/in                 ; short        ; open          ; open            ; open  ; 0 V                 ; -                  ; n/a           ; n/a             ; n/a         ;
; Temp_mem_1[1]  ; 2.5 V        ; 0 in              ; 0 H/in                  ; 0 F/in                  ; short         ; -                   ; open           ; open             ; open   ; 0 in             ; 0 H/in                 ; 0 F/in                 ; short        ; open          ; open            ; open  ; 0 V                 ; -                  ; n/a           ; n/a             ; n/a         ;
; Temp_mem_1[2]  ; 2.5 V        ; 0 in              ; 0 H/in                  ; 0 F/in                  ; short         ; -                   ; open           ; open             ; open   ; 0 in             ; 0 H/in                 ; 0 F/in                 ; short        ; open          ; open            ; open  ; 0 V                 ; -                  ; n/a           ; n/a             ; n/a         ;
; Temp_mem_1[3]  ; 2.5 V        ; 0 in              ; 0 H/in                  ; 0 F/in                  ; short         ; -                   ; open           ; open             ; open   ; 0 in             ; 0 H/in                 ; 0 F/in                 ; short        ; open          ; open            ; open  ; 0 V                 ; -                  ; n/a           ; n/a             ; n/a         ;
; Temp_mem_1[4]  ; 2.5 V        ; 0 in              ; 0 H/in                  ; 0 F/in                  ; short         ; -                   ; open           ; open             ; open   ; 0 in             ; 0 H/in                 ; 0 F/in                 ; short        ; open          ; open            ; open  ; 0 V                 ; -                  ; n/a           ; n/a             ; n/a         ;
; Temp_mem_1[5]  ; 2.5 V        ; 0 in              ; 0 H/in                  ; 0 F/in                  ; short         ; -                   ; open           ; open             ; open   ; 0 in             ; 0 H/in                 ; 0 F/in                 ; short        ; open          ; open            ; open  ; 0 V                 ; -                  ; n/a           ; n/a             ; n/a         ;
; Temp_mem_1[6]  ; 2.5 V        ; 0 in              ; 0 H/in                  ; 0 F/in                  ; short         ; -                   ; open           ; open             ; open   ; 0 in             ; 0 H/in                 ; 0 F/in                 ; short        ; open          ; open            ; open  ; 0 V                 ; -                  ; n/a           ; n/a             ; n/a         ;
; Temp_mem_1[7]  ; 2.5 V        ; 0 in              ; 0 H/in                  ; 0 F/in                  ; short         ; -                   ; open           ; open             ; open   ; 0 in             ; 0 H/in                 ; 0 F/in                 ; short        ; open          ; open            ; open  ; 0 V                 ; -                  ; n/a           ; n/a             ; n/a         ;
; Temp_mem_1[8]  ; 2.5 V        ; 0 in              ; 0 H/in                  ; 0 F/in                  ; short         ; -                   ; open           ; open             ; open   ; 0 in             ; 0 H/in                 ; 0 F/in                 ; short        ; open          ; open            ; open  ; 0 V                 ; -                  ; n/a           ; n/a             ; n/a         ;
; Temp_mem_1[9]  ; 2.5 V        ; 0 in              ; 0 H/in                  ; 0 F/in                  ; short         ; -                   ; open           ; open             ; open   ; 0 in             ; 0 H/in                 ; 0 F/in                 ; short        ; open          ; open            ; open  ; 0 V                 ; -                  ; n/a           ; n/a             ; n/a         ;
; Temp_mem_1[10] ; 2.5 V        ; 0 in              ; 0 H/in                  ; 0 F/in                  ; short         ; -                   ; open           ; open             ; open   ; 0 in             ; 0 H/in                 ; 0 F/in                 ; short        ; open          ; open            ; open  ; 0 V                 ; -                  ; n/a           ; n/a             ; n/a         ;
; Temp_mem_1[11] ; 2.5 V        ; 0 in              ; 0 H/in                  ; 0 F/in                  ; short         ; -                   ; open           ; open             ; open   ; 0 in             ; 0 H/in                 ; 0 F/in                 ; short        ; open          ; open            ; open  ; 0 V                 ; -                  ; n/a           ; n/a             ; n/a         ;
; Temp_mem_1[12] ; 2.5 V        ; 0 in              ; 0 H/in                  ; 0 F/in                  ; short         ; -                   ; open           ; open             ; open   ; 0 in             ; 0 H/in                 ; 0 F/in                 ; short        ; open          ; open            ; open  ; 0 V                 ; -                  ; n/a           ; n/a             ; n/a         ;
; Temp_mem_1[13] ; 2.5 V        ; 0 in              ; 0 H/in                  ; 0 F/in                  ; short         ; -                   ; open           ; open             ; open   ; 0 in             ; 0 H/in                 ; 0 F/in                 ; short        ; open          ; open            ; open  ; 0 V                 ; -                  ; n/a           ; n/a             ; n/a         ;
; Temp_mem_1[14] ; 2.5 V        ; 0 in              ; 0 H/in                  ; 0 F/in                  ; short         ; -                   ; open           ; open             ; open   ; 0 in             ; 0 H/in                 ; 0 F/in                 ; short        ; open          ; open            ; open  ; 0 V                 ; -                  ; n/a           ; n/a             ; n/a         ;
; Temp_mem_1[15] ; 2.5 V        ; 0 in              ; 0 H/in                  ; 0 F/in                  ; short         ; -                   ; open           ; open             ; open   ; 0 in             ; 0 H/in                 ; 0 F/in                 ; short        ; open          ; open            ; open  ; 0 V                 ; -                  ; n/a           ; n/a             ; n/a         ;
; ON             ; 2.5 V        ; 0 in              ; 0 H/in                  ; 0 F/in                  ; short         ; -                   ; open           ; open             ; open   ; 0 in             ; 0 H/in                 ; 0 F/in                 ; short        ; open          ; open            ; open  ; 0 V                 ; -                  ; n/a           ; n/a             ; n/a         ;
; ~ALTERA_DCLK~  ; 2.5 V        ; 0 in              ; 0 H/in                  ; 0 F/in                  ; short         ; -                   ; open           ; open             ; open   ; 0 in             ; 0 H/in                 ; 0 F/in                 ; short        ; open          ; open            ; open  ; 0 V                 ; -                  ; n/a           ; n/a             ; n/a         ;
; ~ALTERA_nCEO~  ; 2.5 V        ; 0 in              ; 0 H/in                  ; 0 F/in                  ; short         ; -                   ; open           ; open             ; open   ; 0 in             ; 0 H/in                 ; 0 F/in                 ; short        ; open          ; open            ; open  ; 0 V                 ; -                  ; n/a           ; n/a             ; n/a         ;
+----------------+--------------+-------------------+-------------------------+-------------------------+---------------+---------------------+----------------+------------------+--------+------------------+------------------------+------------------------+--------------+---------------+-----------------+-------+---------------------+--------------------+---------------+-----------------+-------------+


+----------------------------------------------------------------------------+
; Input Transition Times                                                     ;
+-------------------------+--------------+-----------------+-----------------+
; Pin                     ; I/O Standard ; 10-90 Rise Time ; 90-10 Fall Time ;
+-------------------------+--------------+-----------------+-----------------+
; reset                   ; 2.5 V        ; 2000 ps         ; 2000 ps         ;
; clk                     ; 2.5 V        ; 2000 ps         ; 2000 ps         ;
; switches[12]            ; 2.5 V        ; 2000 ps         ; 2000 ps         ;
; switches[8]             ; 2.5 V        ; 2000 ps         ; 2000 ps         ;
; switches[15]            ; 2.5 V        ; 2000 ps         ; 2000 ps         ;
; switches[17]            ; 2.5 V        ; 2000 ps         ; 2000 ps         ;
; switches[16]            ; 2.5 V        ; 2000 ps         ; 2000 ps         ;
; switches[11]            ; 2.5 V        ; 2000 ps         ; 2000 ps         ;
; switches[7]             ; 2.5 V        ; 2000 ps         ; 2000 ps         ;
; switches[14]            ; 2.5 V        ; 2000 ps         ; 2000 ps         ;
; switches[10]            ; 2.5 V        ; 2000 ps         ; 2000 ps         ;
; switches[13]            ; 2.5 V        ; 2000 ps         ; 2000 ps         ;
; switches[9]             ; 2.5 V        ; 2000 ps         ; 2000 ps         ;
; switches[6]             ; 2.5 V        ; 2000 ps         ; 2000 ps         ;
; switches[5]             ; 2.5 V        ; 2000 ps         ; 2000 ps         ;
; switches[4]             ; 2.5 V        ; 2000 ps         ; 2000 ps         ;
; switches[3]             ; 2.5 V        ; 2000 ps         ; 2000 ps         ;
; switches[2]             ; 2.5 V        ; 2000 ps         ; 2000 ps         ;
; switches[1]             ; 2.5 V        ; 2000 ps         ; 2000 ps         ;
; switches[0]             ; 2.5 V        ; 2000 ps         ; 2000 ps         ;
; btn_ligar               ; 2.5 V        ; 2000 ps         ; 2000 ps         ;
; btn_enviar              ; 2.5 V        ; 2000 ps         ; 2000 ps         ;
; ~ALTERA_ASDO_DATA1~     ; 2.5 V        ; 2000 ps         ; 2000 ps         ;
; ~ALTERA_FLASH_nCE_nCSO~ ; 2.5 V        ; 2000 ps         ; 2000 ps         ;
; ~ALTERA_DATA0~          ; 2.5 V        ; 2000 ps         ; 2000 ps         ;
+-------------------------+--------------+-----------------+-----------------+


+---------------------------------------------------------------------------------------------------------------------------------------------------------------------------------------------------------------------------------------------------------------------------------------------------------------------------------------------------------------------------------------------------------------------------------------------------------------------------------------------------------------------------------------------------------------------------------------------------------------------------------------------------------------------------------------------+
; Signal Integrity Metrics (Slow 1200mv 0c Model)                                                                                                                                                                                                                                                                                                                                                                                                                                                                                                                                                                                                                                             ;
+----------------+--------------+---------------------+---------------------+------------------------------+------------------------------+---------------------+---------------------+--------------------------------------+--------------------------------------+-----------------------------+-----------------------------+----------------------------+----------------------------+-----------------------------+-----------------------------+--------------------+--------------------+-------------------------------------+-------------------------------------+----------------------------+----------------------------+---------------------------+---------------------------+
; Pin            ; I/O Standard ; Board Delay on Rise ; Board Delay on Fall ; Steady State Voh at FPGA Pin ; Steady State Vol at FPGA Pin ; Voh Max at FPGA Pin ; Vol Min at FPGA Pin ; Ringback Voltage on Rise at FPGA Pin ; Ringback Voltage on Fall at FPGA Pin ; 10-90 Rise Time at FPGA Pin ; 90-10 Fall Time at FPGA Pin ; Monotonic Rise at FPGA Pin ; Monotonic Fall at FPGA Pin ; Steady State Voh at Far-end ; Steady State Vol at Far-end ; Voh Max at Far-end ; Vol Min at Far-end ; Ringback Voltage on Rise at Far-end ; Ringback Voltage on Fall at Far-end ; 10-90 Rise Time at Far-end ; 90-10 Fall Time at Far-end ; Monotonic Rise at Far-end ; Monotonic Fall at Far-end ;
+----------------+--------------+---------------------+---------------------+------------------------------+------------------------------+---------------------+---------------------+--------------------------------------+--------------------------------------+-----------------------------+-----------------------------+----------------------------+----------------------------+-----------------------------+-----------------------------+--------------------+--------------------+-------------------------------------+-------------------------------------+----------------------------+----------------------------+---------------------------+---------------------------+
; lcd_rs         ; 2.5 V        ; 0 s                 ; 0 s                 ; 2.32 V                       ; 3.07e-09 V                   ; 2.37 V              ; -0.00994 V          ; 0.186 V                              ; 0.028 V                              ; 4.98e-10 s                  ; 4.96e-10 s                  ; Yes                        ; Yes                        ; 2.32 V                      ; 3.07e-09 V                  ; 2.37 V             ; -0.00994 V         ; 0.186 V                             ; 0.028 V                             ; 4.98e-10 s                 ; 4.96e-10 s                 ; Yes                       ; Yes                       ;
; lcd_rw         ; 2.5 V        ; 0 s                 ; 0 s                 ; 2.32 V                       ; 3.07e-09 V                   ; 2.37 V              ; -0.00994 V          ; 0.186 V                              ; 0.028 V                              ; 4.98e-10 s                  ; 4.96e-10 s                  ; Yes                        ; Yes                        ; 2.32 V                      ; 3.07e-09 V                  ; 2.37 V             ; -0.00994 V         ; 0.186 V                             ; 0.028 V                             ; 4.98e-10 s                 ; 4.96e-10 s                 ; Yes                       ; Yes                       ;
; lcd_en         ; 2.5 V        ; 0 s                 ; 0 s                 ; 2.32 V                       ; 3.07e-09 V                   ; 2.37 V              ; -0.00994 V          ; 0.186 V                              ; 0.028 V                              ; 4.98e-10 s                  ; 4.96e-10 s                  ; Yes                        ; Yes                        ; 2.32 V                      ; 3.07e-09 V                  ; 2.37 V             ; -0.00994 V         ; 0.186 V                             ; 0.028 V                             ; 4.98e-10 s                 ; 4.96e-10 s                 ; Yes                       ; Yes                       ;
; lcd_data[0]    ; 2.5 V        ; 0 s                 ; 0 s                 ; 2.32 V                       ; 3.07e-09 V                   ; 2.37 V              ; -0.00994 V          ; 0.186 V                              ; 0.028 V                              ; 4.98e-10 s                  ; 4.96e-10 s                  ; Yes                        ; Yes                        ; 2.32 V                      ; 3.07e-09 V                  ; 2.37 V             ; -0.00994 V         ; 0.186 V                             ; 0.028 V                             ; 4.98e-10 s                 ; 4.96e-10 s                 ; Yes                       ; Yes                       ;
; lcd_data[1]    ; 2.5 V        ; 0 s                 ; 0 s                 ; 2.32 V                       ; 3.07e-09 V                   ; 2.37 V              ; -0.00994 V          ; 0.186 V                              ; 0.028 V                              ; 4.98e-10 s                  ; 4.96e-10 s                  ; Yes                        ; Yes                        ; 2.32 V                      ; 3.07e-09 V                  ; 2.37 V             ; -0.00994 V         ; 0.186 V                             ; 0.028 V                             ; 4.98e-10 s                 ; 4.96e-10 s                 ; Yes                       ; Yes                       ;
; lcd_data[2]    ; 2.5 V        ; 0 s                 ; 0 s                 ; 2.32 V                       ; 3.07e-09 V                   ; 2.37 V              ; -0.00994 V          ; 0.186 V                              ; 0.028 V                              ; 4.98e-10 s                  ; 4.96e-10 s                  ; Yes                        ; Yes                        ; 2.32 V                      ; 3.07e-09 V                  ; 2.37 V             ; -0.00994 V         ; 0.186 V                             ; 0.028 V                             ; 4.98e-10 s                 ; 4.96e-10 s                 ; Yes                       ; Yes                       ;
; lcd_data[3]    ; 2.5 V        ; 0 s                 ; 0 s                 ; 2.32 V                       ; 3.07e-09 V                   ; 2.37 V              ; -0.00994 V          ; 0.186 V                              ; 0.028 V                              ; 4.98e-10 s                  ; 4.96e-10 s                  ; Yes                        ; Yes                        ; 2.32 V                      ; 3.07e-09 V                  ; 2.37 V             ; -0.00994 V         ; 0.186 V                             ; 0.028 V                             ; 4.98e-10 s                 ; 4.96e-10 s                 ; Yes                       ; Yes                       ;
; lcd_data[4]    ; 2.5 V        ; 0 s                 ; 0 s                 ; 2.32 V                       ; 3.07e-09 V                   ; 2.37 V              ; -0.00994 V          ; 0.186 V                              ; 0.028 V                              ; 4.98e-10 s                  ; 4.96e-10 s                  ; Yes                        ; Yes                        ; 2.32 V                      ; 3.07e-09 V                  ; 2.37 V             ; -0.00994 V         ; 0.186 V                             ; 0.028 V                             ; 4.98e-10 s                 ; 4.96e-10 s                 ; Yes                       ; Yes                       ;
; lcd_data[5]    ; 2.5 V        ; 0 s                 ; 0 s                 ; 2.32 V                       ; 3.07e-09 V                   ; 2.37 V              ; -0.00994 V          ; 0.186 V                              ; 0.028 V                              ; 4.98e-10 s                  ; 4.96e-10 s                  ; Yes                        ; Yes                        ; 2.32 V                      ; 3.07e-09 V                  ; 2.37 V             ; -0.00994 V         ; 0.186 V                             ; 0.028 V                             ; 4.98e-10 s                 ; 4.96e-10 s                 ; Yes                       ; Yes                       ;
; lcd_data[6]    ; 2.5 V        ; 0 s                 ; 0 s                 ; 2.32 V                       ; 3.07e-09 V                   ; 2.37 V              ; -0.00994 V          ; 0.186 V                              ; 0.028 V                              ; 4.98e-10 s                  ; 4.96e-10 s                  ; Yes                        ; Yes                        ; 2.32 V                      ; 3.07e-09 V                  ; 2.37 V             ; -0.00994 V         ; 0.186 V                             ; 0.028 V                             ; 4.98e-10 s                 ; 4.96e-10 s                 ; Yes                       ; Yes                       ;
; lcd_data[7]    ; 2.5 V        ; 0 s                 ; 0 s                 ; 2.32 V                       ; 3.07e-09 V                   ; 2.33 V              ; -0.00496 V          ; 0.223 V                              ; 0.086 V                              ; 2.9e-09 s                   ; 2.73e-09 s                  ; Yes                        ; Yes                        ; 2.32 V                      ; 3.07e-09 V                  ; 2.33 V             ; -0.00496 V         ; 0.223 V                             ; 0.086 V                             ; 2.9e-09 s                  ; 2.73e-09 s                 ; Yes                       ; Yes                       ;
; Temp_mem_1[0]  ; 2.5 V        ; 0 s                 ; 0 s                 ; 2.32 V                       ; 4.49e-09 V                   ; 2.38 V              ; -0.00552 V          ; 0.096 V                              ; 0.019 V                              ; 4.18e-10 s                  ; 3.59e-10 s                  ; No                         ; Yes                        ; 2.32 V                      ; 4.49e-09 V                  ; 2.38 V             ; -0.00552 V         ; 0.096 V                             ; 0.019 V                             ; 4.18e-10 s                 ; 3.59e-10 s                 ; No                        ; Yes                       ;
; Temp_mem_1[1]  ; 2.5 V        ; 0 s                 ; 0 s                 ; 2.32 V                       ; 4.49e-09 V                   ; 2.38 V              ; -0.00552 V          ; 0.096 V                              ; 0.019 V                              ; 4.18e-10 s                  ; 3.59e-10 s                  ; No                         ; Yes                        ; 2.32 V                      ; 4.49e-09 V                  ; 2.38 V             ; -0.00552 V         ; 0.096 V                             ; 0.019 V                             ; 4.18e-10 s                 ; 3.59e-10 s                 ; No                        ; Yes                       ;
; Temp_mem_1[2]  ; 2.5 V        ; 0 s                 ; 0 s                 ; 2.32 V                       ; 4.49e-09 V                   ; 2.38 V              ; -0.00552 V          ; 0.096 V                              ; 0.019 V                              ; 4.18e-10 s                  ; 3.59e-10 s                  ; No                         ; Yes                        ; 2.32 V                      ; 4.49e-09 V                  ; 2.38 V             ; -0.00552 V         ; 0.096 V                             ; 0.019 V                             ; 4.18e-10 s                 ; 3.59e-10 s                 ; No                        ; Yes                       ;
; Temp_mem_1[3]  ; 2.5 V        ; 0 s                 ; 0 s                 ; 2.32 V                       ; 4.49e-09 V                   ; 2.38 V              ; -0.00552 V          ; 0.096 V                              ; 0.019 V                              ; 4.18e-10 s                  ; 3.59e-10 s                  ; No                         ; Yes                        ; 2.32 V                      ; 4.49e-09 V                  ; 2.38 V             ; -0.00552 V         ; 0.096 V                             ; 0.019 V                             ; 4.18e-10 s                 ; 3.59e-10 s                 ; No                        ; Yes                       ;
; Temp_mem_1[4]  ; 2.5 V        ; 0 s                 ; 0 s                 ; 2.32 V                       ; 4.49e-09 V                   ; 2.38 V              ; -0.00552 V          ; 0.096 V                              ; 0.019 V                              ; 4.18e-10 s                  ; 3.59e-10 s                  ; No                         ; Yes                        ; 2.32 V                      ; 4.49e-09 V                  ; 2.38 V             ; -0.00552 V         ; 0.096 V                             ; 0.019 V                             ; 4.18e-10 s                 ; 3.59e-10 s                 ; No                        ; Yes                       ;
; Temp_mem_1[5]  ; 2.5 V        ; 0 s                 ; 0 s                 ; 2.32 V                       ; 4.49e-09 V                   ; 2.38 V              ; -0.00552 V          ; 0.096 V                              ; 0.019 V                              ; 4.18e-10 s                  ; 3.59e-10 s                  ; No                         ; Yes                        ; 2.32 V                      ; 4.49e-09 V                  ; 2.38 V             ; -0.00552 V         ; 0.096 V                             ; 0.019 V                             ; 4.18e-10 s                 ; 3.59e-10 s                 ; No                        ; Yes                       ;
; Temp_mem_1[6]  ; 2.5 V        ; 0 s                 ; 0 s                 ; 2.32 V                       ; 4.49e-09 V                   ; 2.38 V              ; -0.00552 V          ; 0.096 V                              ; 0.019 V                              ; 4.18e-10 s                  ; 3.59e-10 s                  ; No                         ; Yes                        ; 2.32 V                      ; 4.49e-09 V                  ; 2.38 V             ; -0.00552 V         ; 0.096 V                             ; 0.019 V                             ; 4.18e-10 s                 ; 3.59e-10 s                 ; No                        ; Yes                       ;
; Temp_mem_1[7]  ; 2.5 V        ; 0 s                 ; 0 s                 ; 2.32 V                       ; 4.49e-09 V                   ; 2.38 V              ; -0.00552 V          ; 0.096 V                              ; 0.019 V                              ; 4.18e-10 s                  ; 3.59e-10 s                  ; No                         ; Yes                        ; 2.32 V                      ; 4.49e-09 V                  ; 2.38 V             ; -0.00552 V         ; 0.096 V                             ; 0.019 V                             ; 4.18e-10 s                 ; 3.59e-10 s                 ; No                        ; Yes                       ;
; Temp_mem_1[8]  ; 2.5 V        ; 0 s                 ; 0 s                 ; 2.32 V                       ; 4.49e-09 V                   ; 2.33 V              ; -0.00467 V          ; 0.226 V                              ; 0.087 V                              ; 2.91e-09 s                  ; 2.74e-09 s                  ; Yes                        ; Yes                        ; 2.32 V                      ; 4.49e-09 V                  ; 2.33 V             ; -0.00467 V         ; 0.226 V                             ; 0.087 V                             ; 2.91e-09 s                 ; 2.74e-09 s                 ; Yes                       ; Yes                       ;
; Temp_mem_1[9]  ; 2.5 V        ; 0 s                 ; 0 s                 ; 2.32 V                       ; 4.49e-09 V                   ; 2.38 V              ; -0.00552 V          ; 0.096 V                              ; 0.019 V                              ; 4.18e-10 s                  ; 3.59e-10 s                  ; No                         ; Yes                        ; 2.32 V                      ; 4.49e-09 V                  ; 2.38 V             ; -0.00552 V         ; 0.096 V                             ; 0.019 V                             ; 4.18e-10 s                 ; 3.59e-10 s                 ; No                        ; Yes                       ;
; Temp_mem_1[10] ; 2.5 V        ; 0 s                 ; 0 s                 ; 2.32 V                       ; 4.49e-09 V                   ; 2.38 V              ; -0.00552 V          ; 0.096 V                              ; 0.019 V                              ; 4.18e-10 s                  ; 3.59e-10 s                  ; No                         ; Yes                        ; 2.32 V                      ; 4.49e-09 V                  ; 2.38 V             ; -0.00552 V         ; 0.096 V                             ; 0.019 V                             ; 4.18e-10 s                 ; 3.59e-10 s                 ; No                        ; Yes                       ;
; Temp_mem_1[11] ; 2.5 V        ; 0 s                 ; 0 s                 ; 2.32 V                       ; 4.49e-09 V                   ; 2.38 V              ; -0.00552 V          ; 0.096 V                              ; 0.019 V                              ; 4.18e-10 s                  ; 3.59e-10 s                  ; No                         ; Yes                        ; 2.32 V                      ; 4.49e-09 V                  ; 2.38 V             ; -0.00552 V         ; 0.096 V                             ; 0.019 V                             ; 4.18e-10 s                 ; 3.59e-10 s                 ; No                        ; Yes                       ;
; Temp_mem_1[12] ; 2.5 V        ; 0 s                 ; 0 s                 ; 2.32 V                       ; 4.49e-09 V                   ; 2.38 V              ; -0.00552 V          ; 0.096 V                              ; 0.019 V                              ; 4.18e-10 s                  ; 3.59e-10 s                  ; No                         ; Yes                        ; 2.32 V                      ; 4.49e-09 V                  ; 2.38 V             ; -0.00552 V         ; 0.096 V                             ; 0.019 V                             ; 4.18e-10 s                 ; 3.59e-10 s                 ; No                        ; Yes                       ;
; Temp_mem_1[13] ; 2.5 V        ; 0 s                 ; 0 s                 ; 2.32 V                       ; 4.49e-09 V                   ; 2.38 V              ; -0.00552 V          ; 0.096 V                              ; 0.019 V                              ; 4.18e-10 s                  ; 3.59e-10 s                  ; No                         ; Yes                        ; 2.32 V                      ; 4.49e-09 V                  ; 2.38 V             ; -0.00552 V         ; 0.096 V                             ; 0.019 V                             ; 4.18e-10 s                 ; 3.59e-10 s                 ; No                        ; Yes                       ;
; Temp_mem_1[14] ; 2.5 V        ; 0 s                 ; 0 s                 ; 2.32 V                       ; 4.49e-09 V                   ; 2.33 V              ; -0.00467 V          ; 0.226 V                              ; 0.087 V                              ; 2.91e-09 s                  ; 2.74e-09 s                  ; Yes                        ; Yes                        ; 2.32 V                      ; 4.49e-09 V                  ; 2.33 V             ; -0.00467 V         ; 0.226 V                             ; 0.087 V                             ; 2.91e-09 s                 ; 2.74e-09 s                 ; Yes                       ; Yes                       ;
; Temp_mem_1[15] ; 2.5 V        ; 0 s                 ; 0 s                 ; 2.32 V                       ; 4.49e-09 V                   ; 2.38 V              ; -0.00552 V          ; 0.096 V                              ; 0.019 V                              ; 4.18e-10 s                  ; 3.59e-10 s                  ; No                         ; Yes                        ; 2.32 V                      ; 4.49e-09 V                  ; 2.38 V             ; -0.00552 V         ; 0.096 V                             ; 0.019 V                             ; 4.18e-10 s                 ; 3.59e-10 s                 ; No                        ; Yes                       ;
; ON             ; 2.5 V        ; 0 s                 ; 0 s                 ; 2.32 V                       ; 4.49e-09 V                   ; 2.38 V              ; -0.00552 V          ; 0.096 V                              ; 0.019 V                              ; 4.18e-10 s                  ; 3.59e-10 s                  ; No                         ; Yes                        ; 2.32 V                      ; 4.49e-09 V                  ; 2.38 V             ; -0.00552 V         ; 0.096 V                             ; 0.019 V                             ; 4.18e-10 s                 ; 3.59e-10 s                 ; No                        ; Yes                       ;
; ~ALTERA_DCLK~  ; 2.5 V        ; 0 s                 ; 0 s                 ; 2.32 V                       ; 2.67e-09 V                   ; 2.38 V              ; -0.0485 V           ; 0.167 V                              ; 0.096 V                              ; 2.95e-10 s                  ; 2.73e-10 s                  ; Yes                        ; Yes                        ; 2.32 V                      ; 2.67e-09 V                  ; 2.38 V             ; -0.0485 V          ; 0.167 V                             ; 0.096 V                             ; 2.95e-10 s                 ; 2.73e-10 s                 ; Yes                       ; Yes                       ;
; ~ALTERA_nCEO~  ; 2.5 V        ; 0 s                 ; 0 s                 ; 2.32 V                       ; 4.18e-09 V                   ; 2.38 V              ; -0.00483 V          ; 0.152 V                              ; 0.012 V                              ; 4.81e-10 s                  ; 6.29e-10 s                  ; Yes                        ; Yes                        ; 2.32 V                      ; 4.18e-09 V                  ; 2.38 V             ; -0.00483 V         ; 0.152 V                             ; 0.012 V                             ; 4.81e-10 s                 ; 6.29e-10 s                 ; Yes                       ; Yes                       ;
+----------------+--------------+---------------------+---------------------+------------------------------+------------------------------+---------------------+---------------------+--------------------------------------+--------------------------------------+-----------------------------+-----------------------------+----------------------------+----------------------------+-----------------------------+-----------------------------+--------------------+--------------------+-------------------------------------+-------------------------------------+----------------------------+----------------------------+---------------------------+---------------------------+


+---------------------------------------------------------------------------------------------------------------------------------------------------------------------------------------------------------------------------------------------------------------------------------------------------------------------------------------------------------------------------------------------------------------------------------------------------------------------------------------------------------------------------------------------------------------------------------------------------------------------------------------------------------------------------------------------+
; Signal Integrity Metrics (Slow 1200mv 85c Model)                                                                                                                                                                                                                                                                                                                                                                                                                                                                                                                                                                                                                                            ;
+----------------+--------------+---------------------+---------------------+------------------------------+------------------------------+---------------------+---------------------+--------------------------------------+--------------------------------------+-----------------------------+-----------------------------+----------------------------+----------------------------+-----------------------------+-----------------------------+--------------------+--------------------+-------------------------------------+-------------------------------------+----------------------------+----------------------------+---------------------------+---------------------------+
; Pin            ; I/O Standard ; Board Delay on Rise ; Board Delay on Fall ; Steady State Voh at FPGA Pin ; Steady State Vol at FPGA Pin ; Voh Max at FPGA Pin ; Vol Min at FPGA Pin ; Ringback Voltage on Rise at FPGA Pin ; Ringback Voltage on Fall at FPGA Pin ; 10-90 Rise Time at FPGA Pin ; 90-10 Fall Time at FPGA Pin ; Monotonic Rise at FPGA Pin ; Monotonic Fall at FPGA Pin ; Steady State Voh at Far-end ; Steady State Vol at Far-end ; Voh Max at Far-end ; Vol Min at Far-end ; Ringback Voltage on Rise at Far-end ; Ringback Voltage on Fall at Far-end ; 10-90 Rise Time at Far-end ; 90-10 Fall Time at Far-end ; Monotonic Rise at Far-end ; Monotonic Fall at Far-end ;
+----------------+--------------+---------------------+---------------------+------------------------------+------------------------------+---------------------+---------------------+--------------------------------------+--------------------------------------+-----------------------------+-----------------------------+----------------------------+----------------------------+-----------------------------+-----------------------------+--------------------+--------------------+-------------------------------------+-------------------------------------+----------------------------+----------------------------+---------------------------+---------------------------+
; lcd_rs         ; 2.5 V        ; 0 s                 ; 0 s                 ; 2.32 V                       ; 4.67e-07 V                   ; 2.35 V              ; -0.00942 V          ; 0.116 V                              ; 0.033 V                              ; 6.66e-10 s                  ; 6.27e-10 s                  ; Yes                        ; Yes                        ; 2.32 V                      ; 4.67e-07 V                  ; 2.35 V             ; -0.00942 V         ; 0.116 V                             ; 0.033 V                             ; 6.66e-10 s                 ; 6.27e-10 s                 ; Yes                       ; Yes                       ;
; lcd_rw         ; 2.5 V        ; 0 s                 ; 0 s                 ; 2.32 V                       ; 4.67e-07 V                   ; 2.35 V              ; -0.00942 V          ; 0.116 V                              ; 0.033 V                              ; 6.66e-10 s                  ; 6.27e-10 s                  ; Yes                        ; Yes                        ; 2.32 V                      ; 4.67e-07 V                  ; 2.35 V             ; -0.00942 V         ; 0.116 V                             ; 0.033 V                             ; 6.66e-10 s                 ; 6.27e-10 s                 ; Yes                       ; Yes                       ;
; lcd_en         ; 2.5 V        ; 0 s                 ; 0 s                 ; 2.32 V                       ; 4.67e-07 V                   ; 2.35 V              ; -0.00942 V          ; 0.116 V                              ; 0.033 V                              ; 6.66e-10 s                  ; 6.27e-10 s                  ; Yes                        ; Yes                        ; 2.32 V                      ; 4.67e-07 V                  ; 2.35 V             ; -0.00942 V         ; 0.116 V                             ; 0.033 V                             ; 6.66e-10 s                 ; 6.27e-10 s                 ; Yes                       ; Yes                       ;
; lcd_data[0]    ; 2.5 V        ; 0 s                 ; 0 s                 ; 2.32 V                       ; 4.67e-07 V                   ; 2.35 V              ; -0.00942 V          ; 0.116 V                              ; 0.033 V                              ; 6.66e-10 s                  ; 6.27e-10 s                  ; Yes                        ; Yes                        ; 2.32 V                      ; 4.67e-07 V                  ; 2.35 V             ; -0.00942 V         ; 0.116 V                             ; 0.033 V                             ; 6.66e-10 s                 ; 6.27e-10 s                 ; Yes                       ; Yes                       ;
; lcd_data[1]    ; 2.5 V        ; 0 s                 ; 0 s                 ; 2.32 V                       ; 4.67e-07 V                   ; 2.35 V              ; -0.00942 V          ; 0.116 V                              ; 0.033 V                              ; 6.66e-10 s                  ; 6.27e-10 s                  ; Yes                        ; Yes                        ; 2.32 V                      ; 4.67e-07 V                  ; 2.35 V             ; -0.00942 V         ; 0.116 V                             ; 0.033 V                             ; 6.66e-10 s                 ; 6.27e-10 s                 ; Yes                       ; Yes                       ;
; lcd_data[2]    ; 2.5 V        ; 0 s                 ; 0 s                 ; 2.32 V                       ; 4.67e-07 V                   ; 2.35 V              ; -0.00942 V          ; 0.116 V                              ; 0.033 V                              ; 6.66e-10 s                  ; 6.27e-10 s                  ; Yes                        ; Yes                        ; 2.32 V                      ; 4.67e-07 V                  ; 2.35 V             ; -0.00942 V         ; 0.116 V                             ; 0.033 V                             ; 6.66e-10 s                 ; 6.27e-10 s                 ; Yes                       ; Yes                       ;
; lcd_data[3]    ; 2.5 V        ; 0 s                 ; 0 s                 ; 2.32 V                       ; 4.67e-07 V                   ; 2.35 V              ; -0.00942 V          ; 0.116 V                              ; 0.033 V                              ; 6.66e-10 s                  ; 6.27e-10 s                  ; Yes                        ; Yes                        ; 2.32 V                      ; 4.67e-07 V                  ; 2.35 V             ; -0.00942 V         ; 0.116 V                             ; 0.033 V                             ; 6.66e-10 s                 ; 6.27e-10 s                 ; Yes                       ; Yes                       ;
; lcd_data[4]    ; 2.5 V        ; 0 s                 ; 0 s                 ; 2.32 V                       ; 4.67e-07 V                   ; 2.35 V              ; -0.00942 V          ; 0.116 V                              ; 0.033 V                              ; 6.66e-10 s                  ; 6.27e-10 s                  ; Yes                        ; Yes                        ; 2.32 V                      ; 4.67e-07 V                  ; 2.35 V             ; -0.00942 V         ; 0.116 V                             ; 0.033 V                             ; 6.66e-10 s                 ; 6.27e-10 s                 ; Yes                       ; Yes                       ;
; lcd_data[5]    ; 2.5 V        ; 0 s                 ; 0 s                 ; 2.32 V                       ; 4.67e-07 V                   ; 2.35 V              ; -0.00942 V          ; 0.116 V                              ; 0.033 V                              ; 6.66e-10 s                  ; 6.27e-10 s                  ; Yes                        ; Yes                        ; 2.32 V                      ; 4.67e-07 V                  ; 2.35 V             ; -0.00942 V         ; 0.116 V                             ; 0.033 V                             ; 6.66e-10 s                 ; 6.27e-10 s                 ; Yes                       ; Yes                       ;
; lcd_data[6]    ; 2.5 V        ; 0 s                 ; 0 s                 ; 2.32 V                       ; 4.67e-07 V                   ; 2.35 V              ; -0.00942 V          ; 0.116 V                              ; 0.033 V                              ; 6.66e-10 s                  ; 6.27e-10 s                  ; Yes                        ; Yes                        ; 2.32 V                      ; 4.67e-07 V                  ; 2.35 V             ; -0.00942 V         ; 0.116 V                             ; 0.033 V                             ; 6.66e-10 s                 ; 6.27e-10 s                 ; Yes                       ; Yes                       ;
; lcd_data[7]    ; 2.5 V        ; 0 s                 ; 0 s                 ; 2.32 V                       ; 4.67e-07 V                   ; 2.33 V              ; -0.00269 V          ; 0.13 V                               ; 0.055 V                              ; 3.54e-09 s                  ; 3.29e-09 s                  ; Yes                        ; Yes                        ; 2.32 V                      ; 4.67e-07 V                  ; 2.33 V             ; -0.00269 V         ; 0.13 V                              ; 0.055 V                             ; 3.54e-09 s                 ; 3.29e-09 s                 ; Yes                       ; Yes                       ;
; Temp_mem_1[0]  ; 2.5 V        ; 0 s                 ; 0 s                 ; 2.32 V                       ; 6.92e-07 V                   ; 2.35 V              ; -0.00996 V          ; 0.121 V                              ; 0.03 V                               ; 4.64e-10 s                  ; 4.47e-10 s                  ; Yes                        ; Yes                        ; 2.32 V                      ; 6.92e-07 V                  ; 2.35 V             ; -0.00996 V         ; 0.121 V                             ; 0.03 V                              ; 4.64e-10 s                 ; 4.47e-10 s                 ; Yes                       ; Yes                       ;
; Temp_mem_1[1]  ; 2.5 V        ; 0 s                 ; 0 s                 ; 2.32 V                       ; 6.92e-07 V                   ; 2.35 V              ; -0.00996 V          ; 0.121 V                              ; 0.03 V                               ; 4.64e-10 s                  ; 4.47e-10 s                  ; Yes                        ; Yes                        ; 2.32 V                      ; 6.92e-07 V                  ; 2.35 V             ; -0.00996 V         ; 0.121 V                             ; 0.03 V                              ; 4.64e-10 s                 ; 4.47e-10 s                 ; Yes                       ; Yes                       ;
; Temp_mem_1[2]  ; 2.5 V        ; 0 s                 ; 0 s                 ; 2.32 V                       ; 6.92e-07 V                   ; 2.35 V              ; -0.00996 V          ; 0.121 V                              ; 0.03 V                               ; 4.64e-10 s                  ; 4.47e-10 s                  ; Yes                        ; Yes                        ; 2.32 V                      ; 6.92e-07 V                  ; 2.35 V             ; -0.00996 V         ; 0.121 V                             ; 0.03 V                              ; 4.64e-10 s                 ; 4.47e-10 s                 ; Yes                       ; Yes                       ;
; Temp_mem_1[3]  ; 2.5 V        ; 0 s                 ; 0 s                 ; 2.32 V                       ; 6.92e-07 V                   ; 2.35 V              ; -0.00996 V          ; 0.121 V                              ; 0.03 V                               ; 4.64e-10 s                  ; 4.47e-10 s                  ; Yes                        ; Yes                        ; 2.32 V                      ; 6.92e-07 V                  ; 2.35 V             ; -0.00996 V         ; 0.121 V                             ; 0.03 V                              ; 4.64e-10 s                 ; 4.47e-10 s                 ; Yes                       ; Yes                       ;
; Temp_mem_1[4]  ; 2.5 V        ; 0 s                 ; 0 s                 ; 2.32 V                       ; 6.92e-07 V                   ; 2.35 V              ; -0.00996 V          ; 0.121 V                              ; 0.03 V                               ; 4.64e-10 s                  ; 4.47e-10 s                  ; Yes                        ; Yes                        ; 2.32 V                      ; 6.92e-07 V                  ; 2.35 V             ; -0.00996 V         ; 0.121 V                             ; 0.03 V                              ; 4.64e-10 s                 ; 4.47e-10 s                 ; Yes                       ; Yes                       ;
; Temp_mem_1[5]  ; 2.5 V        ; 0 s                 ; 0 s                 ; 2.32 V                       ; 6.92e-07 V                   ; 2.35 V              ; -0.00996 V          ; 0.121 V                              ; 0.03 V                               ; 4.64e-10 s                  ; 4.47e-10 s                  ; Yes                        ; Yes                        ; 2.32 V                      ; 6.92e-07 V                  ; 2.35 V             ; -0.00996 V         ; 0.121 V                             ; 0.03 V                              ; 4.64e-10 s                 ; 4.47e-10 s                 ; Yes                       ; Yes                       ;
; Temp_mem_1[6]  ; 2.5 V        ; 0 s                 ; 0 s                 ; 2.32 V                       ; 6.92e-07 V                   ; 2.35 V              ; -0.00996 V          ; 0.121 V                              ; 0.03 V                               ; 4.64e-10 s                  ; 4.47e-10 s                  ; Yes                        ; Yes                        ; 2.32 V                      ; 6.92e-07 V                  ; 2.35 V             ; -0.00996 V         ; 0.121 V                             ; 0.03 V                              ; 4.64e-10 s                 ; 4.47e-10 s                 ; Yes                       ; Yes                       ;
; Temp_mem_1[7]  ; 2.5 V        ; 0 s                 ; 0 s                 ; 2.32 V                       ; 6.92e-07 V                   ; 2.35 V              ; -0.00996 V          ; 0.121 V                              ; 0.03 V                               ; 4.64e-10 s                  ; 4.47e-10 s                  ; Yes                        ; Yes                        ; 2.32 V                      ; 6.92e-07 V                  ; 2.35 V             ; -0.00996 V         ; 0.121 V                             ; 0.03 V                              ; 4.64e-10 s                 ; 4.47e-10 s                 ; Yes                       ; Yes                       ;
; Temp_mem_1[8]  ; 2.5 V        ; 0 s                 ; 0 s                 ; 2.32 V                       ; 6.92e-07 V                   ; 2.33 V              ; -0.00265 V          ; 0.133 V                              ; 0.056 V                              ; 3.55e-09 s                  ; 3.31e-09 s                  ; Yes                        ; Yes                        ; 2.32 V                      ; 6.92e-07 V                  ; 2.33 V             ; -0.00265 V         ; 0.133 V                             ; 0.056 V                             ; 3.55e-09 s                 ; 3.31e-09 s                 ; Yes                       ; Yes                       ;
; Temp_mem_1[9]  ; 2.5 V        ; 0 s                 ; 0 s                 ; 2.32 V                       ; 6.92e-07 V                   ; 2.35 V              ; -0.00996 V          ; 0.121 V                              ; 0.03 V                               ; 4.64e-10 s                  ; 4.47e-10 s                  ; Yes                        ; Yes                        ; 2.32 V                      ; 6.92e-07 V                  ; 2.35 V             ; -0.00996 V         ; 0.121 V                             ; 0.03 V                              ; 4.64e-10 s                 ; 4.47e-10 s                 ; Yes                       ; Yes                       ;
; Temp_mem_1[10] ; 2.5 V        ; 0 s                 ; 0 s                 ; 2.32 V                       ; 6.92e-07 V                   ; 2.35 V              ; -0.00996 V          ; 0.121 V                              ; 0.03 V                               ; 4.64e-10 s                  ; 4.47e-10 s                  ; Yes                        ; Yes                        ; 2.32 V                      ; 6.92e-07 V                  ; 2.35 V             ; -0.00996 V         ; 0.121 V                             ; 0.03 V                              ; 4.64e-10 s                 ; 4.47e-10 s                 ; Yes                       ; Yes                       ;
; Temp_mem_1[11] ; 2.5 V        ; 0 s                 ; 0 s                 ; 2.32 V                       ; 6.92e-07 V                   ; 2.35 V              ; -0.00996 V          ; 0.121 V                              ; 0.03 V                               ; 4.64e-10 s                  ; 4.47e-10 s                  ; Yes                        ; Yes                        ; 2.32 V                      ; 6.92e-07 V                  ; 2.35 V             ; -0.00996 V         ; 0.121 V                             ; 0.03 V                              ; 4.64e-10 s                 ; 4.47e-10 s                 ; Yes                       ; Yes                       ;
; Temp_mem_1[12] ; 2.5 V        ; 0 s                 ; 0 s                 ; 2.32 V                       ; 6.92e-07 V                   ; 2.35 V              ; -0.00996 V          ; 0.121 V                              ; 0.03 V                               ; 4.64e-10 s                  ; 4.47e-10 s                  ; Yes                        ; Yes                        ; 2.32 V                      ; 6.92e-07 V                  ; 2.35 V             ; -0.00996 V         ; 0.121 V                             ; 0.03 V                              ; 4.64e-10 s                 ; 4.47e-10 s                 ; Yes                       ; Yes                       ;
; Temp_mem_1[13] ; 2.5 V        ; 0 s                 ; 0 s                 ; 2.32 V                       ; 6.92e-07 V                   ; 2.35 V              ; -0.00996 V          ; 0.121 V                              ; 0.03 V                               ; 4.64e-10 s                  ; 4.47e-10 s                  ; Yes                        ; Yes                        ; 2.32 V                      ; 6.92e-07 V                  ; 2.35 V             ; -0.00996 V         ; 0.121 V                             ; 0.03 V                              ; 4.64e-10 s                 ; 4.47e-10 s                 ; Yes                       ; Yes                       ;
; Temp_mem_1[14] ; 2.5 V        ; 0 s                 ; 0 s                 ; 2.32 V                       ; 6.92e-07 V                   ; 2.33 V              ; -0.00265 V          ; 0.133 V                              ; 0.056 V                              ; 3.55e-09 s                  ; 3.31e-09 s                  ; Yes                        ; Yes                        ; 2.32 V                      ; 6.92e-07 V                  ; 2.33 V             ; -0.00265 V         ; 0.133 V                             ; 0.056 V                             ; 3.55e-09 s                 ; 3.31e-09 s                 ; Yes                       ; Yes                       ;
; Temp_mem_1[15] ; 2.5 V        ; 0 s                 ; 0 s                 ; 2.32 V                       ; 6.92e-07 V                   ; 2.35 V              ; -0.00996 V          ; 0.121 V                              ; 0.03 V                               ; 4.64e-10 s                  ; 4.47e-10 s                  ; Yes                        ; Yes                        ; 2.32 V                      ; 6.92e-07 V                  ; 2.35 V             ; -0.00996 V         ; 0.121 V                             ; 0.03 V                              ; 4.64e-10 s                 ; 4.47e-10 s                 ; Yes                       ; Yes                       ;
; ON             ; 2.5 V        ; 0 s                 ; 0 s                 ; 2.32 V                       ; 6.92e-07 V                   ; 2.35 V              ; -0.00996 V          ; 0.121 V                              ; 0.03 V                               ; 4.64e-10 s                  ; 4.47e-10 s                  ; Yes                        ; Yes                        ; 2.32 V                      ; 6.92e-07 V                  ; 2.35 V             ; -0.00996 V         ; 0.121 V                             ; 0.03 V                              ; 4.64e-10 s                 ; 4.47e-10 s                 ; Yes                       ; Yes                       ;
; ~ALTERA_DCLK~  ; 2.5 V        ; 0 s                 ; 0 s                 ; 2.32 V                       ; 3.75e-07 V                   ; 2.35 V              ; -0.0109 V           ; 0.084 V                              ; 0.027 V                              ; 4.31e-10 s                  ; 3.61e-10 s                  ; Yes                        ; Yes                        ; 2.32 V                      ; 3.75e-07 V                  ; 2.35 V             ; -0.0109 V          ; 0.084 V                             ; 0.027 V                             ; 4.31e-10 s                 ; 3.61e-10 s                 ; Yes                       ; Yes                       ;
; ~ALTERA_nCEO~  ; 2.5 V        ; 0 s                 ; 0 s                 ; 2.32 V                       ; 6.15e-07 V                   ; 2.35 V              ; -0.00712 V          ; 0.093 V                              ; 0.02 V                               ; 6.21e-10 s                  ; 7.9e-10 s                   ; Yes                        ; Yes                        ; 2.32 V                      ; 6.15e-07 V                  ; 2.35 V             ; -0.00712 V         ; 0.093 V                             ; 0.02 V                              ; 6.21e-10 s                 ; 7.9e-10 s                  ; Yes                       ; Yes                       ;
+----------------+--------------+---------------------+---------------------+------------------------------+------------------------------+---------------------+---------------------+--------------------------------------+--------------------------------------+-----------------------------+-----------------------------+----------------------------+----------------------------+-----------------------------+-----------------------------+--------------------+--------------------+-------------------------------------+-------------------------------------+----------------------------+----------------------------+---------------------------+---------------------------+


+---------------------------------------------------------------------------------------------------------------------------------------------------------------------------------------------------------------------------------------------------------------------------------------------------------------------------------------------------------------------------------------------------------------------------------------------------------------------------------------------------------------------------------------------------------------------------------------------------------------------------------------------------------------------------------------------+
; Signal Integrity Metrics (Fast 1200mv 0c Model)                                                                                                                                                                                                                                                                                                                                                                                                                                                                                                                                                                                                                                             ;
+----------------+--------------+---------------------+---------------------+------------------------------+------------------------------+---------------------+---------------------+--------------------------------------+--------------------------------------+-----------------------------+-----------------------------+----------------------------+----------------------------+-----------------------------+-----------------------------+--------------------+--------------------+-------------------------------------+-------------------------------------+----------------------------+----------------------------+---------------------------+---------------------------+
; Pin            ; I/O Standard ; Board Delay on Rise ; Board Delay on Fall ; Steady State Voh at FPGA Pin ; Steady State Vol at FPGA Pin ; Voh Max at FPGA Pin ; Vol Min at FPGA Pin ; Ringback Voltage on Rise at FPGA Pin ; Ringback Voltage on Fall at FPGA Pin ; 10-90 Rise Time at FPGA Pin ; 90-10 Fall Time at FPGA Pin ; Monotonic Rise at FPGA Pin ; Monotonic Fall at FPGA Pin ; Steady State Voh at Far-end ; Steady State Vol at Far-end ; Voh Max at Far-end ; Vol Min at Far-end ; Ringback Voltage on Rise at Far-end ; Ringback Voltage on Fall at Far-end ; 10-90 Rise Time at Far-end ; 90-10 Fall Time at Far-end ; Monotonic Rise at Far-end ; Monotonic Fall at Far-end ;
+----------------+--------------+---------------------+---------------------+------------------------------+------------------------------+---------------------+---------------------+--------------------------------------+--------------------------------------+-----------------------------+-----------------------------+----------------------------+----------------------------+-----------------------------+-----------------------------+--------------------+--------------------+-------------------------------------+-------------------------------------+----------------------------+----------------------------+---------------------------+---------------------------+
; lcd_rs         ; 2.5 V        ; 0 s                 ; 0 s                 ; 2.62 V                       ; 2.74e-08 V                   ; 2.71 V              ; -0.0317 V           ; 0.148 V                              ; 0.064 V                              ; 4.51e-10 s                  ; 4.15e-10 s                  ; No                         ; Yes                        ; 2.62 V                      ; 2.74e-08 V                  ; 2.71 V             ; -0.0317 V          ; 0.148 V                             ; 0.064 V                             ; 4.51e-10 s                 ; 4.15e-10 s                 ; No                        ; Yes                       ;
; lcd_rw         ; 2.5 V        ; 0 s                 ; 0 s                 ; 2.62 V                       ; 2.74e-08 V                   ; 2.71 V              ; -0.0317 V           ; 0.148 V                              ; 0.064 V                              ; 4.51e-10 s                  ; 4.15e-10 s                  ; No                         ; Yes                        ; 2.62 V                      ; 2.74e-08 V                  ; 2.71 V             ; -0.0317 V          ; 0.148 V                             ; 0.064 V                             ; 4.51e-10 s                 ; 4.15e-10 s                 ; No                        ; Yes                       ;
; lcd_en         ; 2.5 V        ; 0 s                 ; 0 s                 ; 2.62 V                       ; 2.74e-08 V                   ; 2.71 V              ; -0.0317 V           ; 0.148 V                              ; 0.064 V                              ; 4.51e-10 s                  ; 4.15e-10 s                  ; No                         ; Yes                        ; 2.62 V                      ; 2.74e-08 V                  ; 2.71 V             ; -0.0317 V          ; 0.148 V                             ; 0.064 V                             ; 4.51e-10 s                 ; 4.15e-10 s                 ; No                        ; Yes                       ;
; lcd_data[0]    ; 2.5 V        ; 0 s                 ; 0 s                 ; 2.62 V                       ; 2.74e-08 V                   ; 2.71 V              ; -0.0317 V           ; 0.148 V                              ; 0.064 V                              ; 4.51e-10 s                  ; 4.15e-10 s                  ; No                         ; Yes                        ; 2.62 V                      ; 2.74e-08 V                  ; 2.71 V             ; -0.0317 V          ; 0.148 V                             ; 0.064 V                             ; 4.51e-10 s                 ; 4.15e-10 s                 ; No                        ; Yes                       ;
; lcd_data[1]    ; 2.5 V        ; 0 s                 ; 0 s                 ; 2.62 V                       ; 2.74e-08 V                   ; 2.71 V              ; -0.0317 V           ; 0.148 V                              ; 0.064 V                              ; 4.51e-10 s                  ; 4.15e-10 s                  ; No                         ; Yes                        ; 2.62 V                      ; 2.74e-08 V                  ; 2.71 V             ; -0.0317 V          ; 0.148 V                             ; 0.064 V                             ; 4.51e-10 s                 ; 4.15e-10 s                 ; No                        ; Yes                       ;
; lcd_data[2]    ; 2.5 V        ; 0 s                 ; 0 s                 ; 2.62 V                       ; 2.74e-08 V                   ; 2.71 V              ; -0.0317 V           ; 0.148 V                              ; 0.064 V                              ; 4.51e-10 s                  ; 4.15e-10 s                  ; No                         ; Yes                        ; 2.62 V                      ; 2.74e-08 V                  ; 2.71 V             ; -0.0317 V          ; 0.148 V                             ; 0.064 V                             ; 4.51e-10 s                 ; 4.15e-10 s                 ; No                        ; Yes                       ;
; lcd_data[3]    ; 2.5 V        ; 0 s                 ; 0 s                 ; 2.62 V                       ; 2.74e-08 V                   ; 2.71 V              ; -0.0317 V           ; 0.148 V                              ; 0.064 V                              ; 4.51e-10 s                  ; 4.15e-10 s                  ; No                         ; Yes                        ; 2.62 V                      ; 2.74e-08 V                  ; 2.71 V             ; -0.0317 V          ; 0.148 V                             ; 0.064 V                             ; 4.51e-10 s                 ; 4.15e-10 s                 ; No                        ; Yes                       ;
; lcd_data[4]    ; 2.5 V        ; 0 s                 ; 0 s                 ; 2.62 V                       ; 2.74e-08 V                   ; 2.71 V              ; -0.0317 V           ; 0.148 V                              ; 0.064 V                              ; 4.51e-10 s                  ; 4.15e-10 s                  ; No                         ; Yes                        ; 2.62 V                      ; 2.74e-08 V                  ; 2.71 V             ; -0.0317 V          ; 0.148 V                             ; 0.064 V                             ; 4.51e-10 s                 ; 4.15e-10 s                 ; No                        ; Yes                       ;
; lcd_data[5]    ; 2.5 V        ; 0 s                 ; 0 s                 ; 2.62 V                       ; 2.74e-08 V                   ; 2.71 V              ; -0.0317 V           ; 0.148 V                              ; 0.064 V                              ; 4.51e-10 s                  ; 4.15e-10 s                  ; No                         ; Yes                        ; 2.62 V                      ; 2.74e-08 V                  ; 2.71 V             ; -0.0317 V          ; 0.148 V                             ; 0.064 V                             ; 4.51e-10 s                 ; 4.15e-10 s                 ; No                        ; Yes                       ;
; lcd_data[6]    ; 2.5 V        ; 0 s                 ; 0 s                 ; 2.62 V                       ; 2.74e-08 V                   ; 2.71 V              ; -0.0317 V           ; 0.148 V                              ; 0.064 V                              ; 4.51e-10 s                  ; 4.15e-10 s                  ; No                         ; Yes                        ; 2.62 V                      ; 2.74e-08 V                  ; 2.71 V             ; -0.0317 V          ; 0.148 V                             ; 0.064 V                             ; 4.51e-10 s                 ; 4.15e-10 s                 ; No                        ; Yes                       ;
; lcd_data[7]    ; 2.5 V        ; 0 s                 ; 0 s                 ; 2.62 V                       ; 2.74e-08 V                   ; 2.64 V              ; -0.0117 V           ; 0.202 V                              ; 0.176 V                              ; 2.38e-09 s                  ; 2.22e-09 s                  ; No                         ; Yes                        ; 2.62 V                      ; 2.74e-08 V                  ; 2.64 V             ; -0.0117 V          ; 0.202 V                             ; 0.176 V                             ; 2.38e-09 s                 ; 2.22e-09 s                 ; No                        ; Yes                       ;
; Temp_mem_1[0]  ; 2.5 V        ; 0 s                 ; 0 s                 ; 2.62 V                       ; 4.05e-08 V                   ; 2.72 V              ; -0.0349 V           ; 0.173 V                              ; 0.1 V                                ; 2.72e-10 s                  ; 2.69e-10 s                  ; Yes                        ; Yes                        ; 2.62 V                      ; 4.05e-08 V                  ; 2.72 V             ; -0.0349 V          ; 0.173 V                             ; 0.1 V                               ; 2.72e-10 s                 ; 2.69e-10 s                 ; Yes                       ; Yes                       ;
; Temp_mem_1[1]  ; 2.5 V        ; 0 s                 ; 0 s                 ; 2.62 V                       ; 4.05e-08 V                   ; 2.72 V              ; -0.0349 V           ; 0.173 V                              ; 0.1 V                                ; 2.72e-10 s                  ; 2.69e-10 s                  ; Yes                        ; Yes                        ; 2.62 V                      ; 4.05e-08 V                  ; 2.72 V             ; -0.0349 V          ; 0.173 V                             ; 0.1 V                               ; 2.72e-10 s                 ; 2.69e-10 s                 ; Yes                       ; Yes                       ;
; Temp_mem_1[2]  ; 2.5 V        ; 0 s                 ; 0 s                 ; 2.62 V                       ; 4.05e-08 V                   ; 2.72 V              ; -0.0349 V           ; 0.173 V                              ; 0.1 V                                ; 2.72e-10 s                  ; 2.69e-10 s                  ; Yes                        ; Yes                        ; 2.62 V                      ; 4.05e-08 V                  ; 2.72 V             ; -0.0349 V          ; 0.173 V                             ; 0.1 V                               ; 2.72e-10 s                 ; 2.69e-10 s                 ; Yes                       ; Yes                       ;
; Temp_mem_1[3]  ; 2.5 V        ; 0 s                 ; 0 s                 ; 2.62 V                       ; 4.05e-08 V                   ; 2.72 V              ; -0.0349 V           ; 0.173 V                              ; 0.1 V                                ; 2.72e-10 s                  ; 2.69e-10 s                  ; Yes                        ; Yes                        ; 2.62 V                      ; 4.05e-08 V                  ; 2.72 V             ; -0.0349 V          ; 0.173 V                             ; 0.1 V                               ; 2.72e-10 s                 ; 2.69e-10 s                 ; Yes                       ; Yes                       ;
; Temp_mem_1[4]  ; 2.5 V        ; 0 s                 ; 0 s                 ; 2.62 V                       ; 4.05e-08 V                   ; 2.72 V              ; -0.0349 V           ; 0.173 V                              ; 0.1 V                                ; 2.72e-10 s                  ; 2.69e-10 s                  ; Yes                        ; Yes                        ; 2.62 V                      ; 4.05e-08 V                  ; 2.72 V             ; -0.0349 V          ; 0.173 V                             ; 0.1 V                               ; 2.72e-10 s                 ; 2.69e-10 s                 ; Yes                       ; Yes                       ;
; Temp_mem_1[5]  ; 2.5 V        ; 0 s                 ; 0 s                 ; 2.62 V                       ; 4.05e-08 V                   ; 2.72 V              ; -0.0349 V           ; 0.173 V                              ; 0.1 V                                ; 2.72e-10 s                  ; 2.69e-10 s                  ; Yes                        ; Yes                        ; 2.62 V                      ; 4.05e-08 V                  ; 2.72 V             ; -0.0349 V          ; 0.173 V                             ; 0.1 V                               ; 2.72e-10 s                 ; 2.69e-10 s                 ; Yes                       ; Yes                       ;
; Temp_mem_1[6]  ; 2.5 V        ; 0 s                 ; 0 s                 ; 2.62 V                       ; 4.05e-08 V                   ; 2.72 V              ; -0.0349 V           ; 0.173 V                              ; 0.1 V                                ; 2.72e-10 s                  ; 2.69e-10 s                  ; Yes                        ; Yes                        ; 2.62 V                      ; 4.05e-08 V                  ; 2.72 V             ; -0.0349 V          ; 0.173 V                             ; 0.1 V                               ; 2.72e-10 s                 ; 2.69e-10 s                 ; Yes                       ; Yes                       ;
; Temp_mem_1[7]  ; 2.5 V        ; 0 s                 ; 0 s                 ; 2.62 V                       ; 4.05e-08 V                   ; 2.72 V              ; -0.0349 V           ; 0.173 V                              ; 0.1 V                                ; 2.72e-10 s                  ; 2.69e-10 s                  ; Yes                        ; Yes                        ; 2.62 V                      ; 4.05e-08 V                  ; 2.72 V             ; -0.0349 V          ; 0.173 V                             ; 0.1 V                               ; 2.72e-10 s                 ; 2.69e-10 s                 ; Yes                       ; Yes                       ;
; Temp_mem_1[8]  ; 2.5 V        ; 0 s                 ; 0 s                 ; 2.62 V                       ; 4.05e-08 V                   ; 2.64 V              ; -0.0113 V           ; 0.208 V                              ; 0.179 V                              ; 2.38e-09 s                  ; 2.23e-09 s                  ; No                         ; Yes                        ; 2.62 V                      ; 4.05e-08 V                  ; 2.64 V             ; -0.0113 V          ; 0.208 V                             ; 0.179 V                             ; 2.38e-09 s                 ; 2.23e-09 s                 ; No                        ; Yes                       ;
; Temp_mem_1[9]  ; 2.5 V        ; 0 s                 ; 0 s                 ; 2.62 V                       ; 4.05e-08 V                   ; 2.72 V              ; -0.0349 V           ; 0.173 V                              ; 0.1 V                                ; 2.72e-10 s                  ; 2.69e-10 s                  ; Yes                        ; Yes                        ; 2.62 V                      ; 4.05e-08 V                  ; 2.72 V             ; -0.0349 V          ; 0.173 V                             ; 0.1 V                               ; 2.72e-10 s                 ; 2.69e-10 s                 ; Yes                       ; Yes                       ;
; Temp_mem_1[10] ; 2.5 V        ; 0 s                 ; 0 s                 ; 2.62 V                       ; 4.05e-08 V                   ; 2.72 V              ; -0.0349 V           ; 0.173 V                              ; 0.1 V                                ; 2.72e-10 s                  ; 2.69e-10 s                  ; Yes                        ; Yes                        ; 2.62 V                      ; 4.05e-08 V                  ; 2.72 V             ; -0.0349 V          ; 0.173 V                             ; 0.1 V                               ; 2.72e-10 s                 ; 2.69e-10 s                 ; Yes                       ; Yes                       ;
; Temp_mem_1[11] ; 2.5 V        ; 0 s                 ; 0 s                 ; 2.62 V                       ; 4.05e-08 V                   ; 2.72 V              ; -0.0349 V           ; 0.173 V                              ; 0.1 V                                ; 2.72e-10 s                  ; 2.69e-10 s                  ; Yes                        ; Yes                        ; 2.62 V                      ; 4.05e-08 V                  ; 2.72 V             ; -0.0349 V          ; 0.173 V                             ; 0.1 V                               ; 2.72e-10 s                 ; 2.69e-10 s                 ; Yes                       ; Yes                       ;
; Temp_mem_1[12] ; 2.5 V        ; 0 s                 ; 0 s                 ; 2.62 V                       ; 4.05e-08 V                   ; 2.72 V              ; -0.0349 V           ; 0.173 V                              ; 0.1 V                                ; 2.72e-10 s                  ; 2.69e-10 s                  ; Yes                        ; Yes                        ; 2.62 V                      ; 4.05e-08 V                  ; 2.72 V             ; -0.0349 V          ; 0.173 V                             ; 0.1 V                               ; 2.72e-10 s                 ; 2.69e-10 s                 ; Yes                       ; Yes                       ;
; Temp_mem_1[13] ; 2.5 V        ; 0 s                 ; 0 s                 ; 2.62 V                       ; 4.05e-08 V                   ; 2.72 V              ; -0.0349 V           ; 0.173 V                              ; 0.1 V                                ; 2.72e-10 s                  ; 2.69e-10 s                  ; Yes                        ; Yes                        ; 2.62 V                      ; 4.05e-08 V                  ; 2.72 V             ; -0.0349 V          ; 0.173 V                             ; 0.1 V                               ; 2.72e-10 s                 ; 2.69e-10 s                 ; Yes                       ; Yes                       ;
; Temp_mem_1[14] ; 2.5 V        ; 0 s                 ; 0 s                 ; 2.62 V                       ; 4.05e-08 V                   ; 2.64 V              ; -0.0113 V           ; 0.208 V                              ; 0.179 V                              ; 2.38e-09 s                  ; 2.23e-09 s                  ; No                         ; Yes                        ; 2.62 V                      ; 4.05e-08 V                  ; 2.64 V             ; -0.0113 V          ; 0.208 V                             ; 0.179 V                             ; 2.38e-09 s                 ; 2.23e-09 s                 ; No                        ; Yes                       ;
; Temp_mem_1[15] ; 2.5 V        ; 0 s                 ; 0 s                 ; 2.62 V                       ; 4.05e-08 V                   ; 2.72 V              ; -0.0349 V           ; 0.173 V                              ; 0.1 V                                ; 2.72e-10 s                  ; 2.69e-10 s                  ; Yes                        ; Yes                        ; 2.62 V                      ; 4.05e-08 V                  ; 2.72 V             ; -0.0349 V          ; 0.173 V                             ; 0.1 V                               ; 2.72e-10 s                 ; 2.69e-10 s                 ; Yes                       ; Yes                       ;
; ON             ; 2.5 V        ; 0 s                 ; 0 s                 ; 2.62 V                       ; 4.05e-08 V                   ; 2.72 V              ; -0.0349 V           ; 0.173 V                              ; 0.1 V                                ; 2.72e-10 s                  ; 2.69e-10 s                  ; Yes                        ; Yes                        ; 2.62 V                      ; 4.05e-08 V                  ; 2.72 V             ; -0.0349 V          ; 0.173 V                             ; 0.1 V                               ; 2.72e-10 s                 ; 2.69e-10 s                 ; Yes                       ; Yes                       ;
; ~ALTERA_DCLK~  ; 2.5 V        ; 0 s                 ; 0 s                 ; 2.62 V                       ; 2.22e-08 V                   ; 2.74 V              ; -0.06 V             ; 0.158 V                              ; 0.08 V                               ; 2.68e-10 s                  ; 2.19e-10 s                  ; Yes                        ; Yes                        ; 2.62 V                      ; 2.22e-08 V                  ; 2.74 V             ; -0.06 V            ; 0.158 V                             ; 0.08 V                              ; 2.68e-10 s                 ; 2.19e-10 s                 ; Yes                       ; Yes                       ;
; ~ALTERA_nCEO~  ; 2.5 V        ; 0 s                 ; 0 s                 ; 2.62 V                       ; 3.54e-08 V                   ; 2.7 V               ; -0.00943 V          ; 0.276 V                              ; 0.035 V                              ; 3.19e-10 s                  ; 4.99e-10 s                  ; No                         ; Yes                        ; 2.62 V                      ; 3.54e-08 V                  ; 2.7 V              ; -0.00943 V         ; 0.276 V                             ; 0.035 V                             ; 3.19e-10 s                 ; 4.99e-10 s                 ; No                        ; Yes                       ;
+----------------+--------------+---------------------+---------------------+------------------------------+------------------------------+---------------------+---------------------+--------------------------------------+--------------------------------------+-----------------------------+-----------------------------+----------------------------+----------------------------+-----------------------------+-----------------------------+--------------------+--------------------+-------------------------------------+-------------------------------------+----------------------------+----------------------------+---------------------------+---------------------------+


+-------------------------------------------------------------------+
; Setup Transfers                                                   ;
+------------+----------+----------+----------+----------+----------+
; From Clock ; To Clock ; RR Paths ; FR Paths ; RF Paths ; FF Paths ;
+------------+----------+----------+----------+----------+----------+
; clk        ; clk      ; 6358     ; 0        ; 0        ; 0        ;
+------------+----------+----------+----------+----------+----------+
Entries labeled "false path" only account for clock-to-clock false paths and not path-based false paths. As a result, actual path counts may be lower than reported.


+-------------------------------------------------------------------+
; Hold Transfers                                                    ;
+------------+----------+----------+----------+----------+----------+
; From Clock ; To Clock ; RR Paths ; FR Paths ; RF Paths ; FF Paths ;
+------------+----------+----------+----------+----------+----------+
; clk        ; clk      ; 6358     ; 0        ; 0        ; 0        ;
+------------+----------+----------+----------+----------+----------+
Entries labeled "false path" only account for clock-to-clock false paths and not path-based false paths. As a result, actual path counts may be lower than reported.


+-------------------------------------------------------------------+
; Recovery Transfers                                                ;
+------------+----------+----------+----------+----------+----------+
; From Clock ; To Clock ; RR Paths ; FR Paths ; RF Paths ; FF Paths ;
+------------+----------+----------+----------+----------+----------+
; clk        ; clk      ; 196      ; 0        ; 0        ; 0        ;
+------------+----------+----------+----------+----------+----------+
Entries labeled "false path" only account for clock-to-clock false paths and not path-based false paths. As a result, actual path counts may be lower than reported.


+-------------------------------------------------------------------+
; Removal Transfers                                                 ;
+------------+----------+----------+----------+----------+----------+
; From Clock ; To Clock ; RR Paths ; FR Paths ; RF Paths ; FF Paths ;
+------------+----------+----------+----------+----------+----------+
; clk        ; clk      ; 196      ; 0        ; 0        ; 0        ;
+------------+----------+----------+----------+----------+----------+
Entries labeled "false path" only account for clock-to-clock false paths and not path-based false paths. As a result, actual path counts may be lower than reported.


---------------
; Report TCCS ;
---------------
No dedicated SERDES Transmitter circuitry present in device or used in design


---------------
; Report RSKM ;
---------------
No non-DPA dedicated SERDES Receiver circuitry present in device or used in design


+------------------------------------------------+
; Unconstrained Paths Summary                    ;
+---------------------------------+-------+------+
; Property                        ; Setup ; Hold ;
+---------------------------------+-------+------+
; Illegal Clocks                  ; 0     ; 0    ;
; Unconstrained Clocks            ; 0     ; 0    ;
; Unconstrained Input Ports       ; 21    ; 21   ;
; Unconstrained Input Port Paths  ; 242   ; 242  ;
; Unconstrained Output Ports      ; 27    ; 27   ;
; Unconstrained Output Port Paths ; 1582  ; 1582 ;
+---------------------------------+-------+------+


+-------------------------------------+
; Clock Status Summary                ;
+--------+-------+------+-------------+
; Target ; Clock ; Type ; Status      ;
+--------+-------+------+-------------+
; clk    ; clk   ; Base ; Constrained ;
+--------+-------+------+-------------+


+-----------------------------------------------------------------------------------------------------+
; Unconstrained Input Ports                                                                           ;
+--------------+--------------------------------------------------------------------------------------+
; Input Port   ; Comment                                                                              ;
+--------------+--------------------------------------------------------------------------------------+
; btn_enviar   ; No input delay, min/max delays, false-path exceptions, or max skew assignments found ;
; btn_ligar    ; No input delay, min/max delays, false-path exceptions, or max skew assignments found ;
; reset        ; No input delay, min/max delays, false-path exceptions, or max skew assignments found ;
; switches[0]  ; No input delay, min/max delays, false-path exceptions, or max skew assignments found ;
; switches[1]  ; No input delay, min/max delays, false-path exceptions, or max skew assignments found ;
; switches[2]  ; No input delay, min/max delays, false-path exceptions, or max skew assignments found ;
; switches[3]  ; No input delay, min/max delays, false-path exceptions, or max skew assignments found ;
; switches[4]  ; No input delay, min/max delays, false-path exceptions, or max skew assignments found ;
; switches[5]  ; No input delay, min/max delays, false-path exceptions, or max skew assignments found ;
; switches[6]  ; No input delay, min/max delays, false-path exceptions, or max skew assignments found ;
; switches[7]  ; No input delay, min/max delays, false-path exceptions, or max skew assignments found ;
; switches[8]  ; No input delay, min/max delays, false-path exceptions, or max skew assignments found ;
; switches[9]  ; No input delay, min/max delays, false-path exceptions, or max skew assignments found ;
; switches[10] ; No input delay, min/max delays, false-path exceptions, or max skew assignments found ;
; switches[11] ; No input delay, min/max delays, false-path exceptions, or max skew assignments found ;
; switches[12] ; No input delay, min/max delays, false-path exceptions, or max skew assignments found ;
; switches[13] ; No input delay, min/max delays, false-path exceptions, or max skew assignments found ;
; switches[14] ; No input delay, min/max delays, false-path exceptions, or max skew assignments found ;
; switches[15] ; No input delay, min/max delays, false-path exceptions, or max skew assignments found ;
; switches[16] ; No input delay, min/max delays, false-path exceptions, or max skew assignments found ;
; switches[17] ; No input delay, min/max delays, false-path exceptions, or max skew assignments found ;
+--------------+--------------------------------------------------------------------------------------+


+--------------------------------------------------------------------------------------------------------+
; Unconstrained Output Ports                                                                             ;
+----------------+---------------------------------------------------------------------------------------+
; Output Port    ; Comment                                                                               ;
+----------------+---------------------------------------------------------------------------------------+
; ON             ; No output delay, min/max delays, false-path exceptions, or max skew assignments found ;
; Temp_mem_1[0]  ; No output delay, min/max delays, false-path exceptions, or max skew assignments found ;
; Temp_mem_1[1]  ; No output delay, min/max delays, false-path exceptions, or max skew assignments found ;
; Temp_mem_1[2]  ; No output delay, min/max delays, false-path exceptions, or max skew assignments found ;
; Temp_mem_1[3]  ; No output delay, min/max delays, false-path exceptions, or max skew assignments found ;
; Temp_mem_1[4]  ; No output delay, min/max delays, false-path exceptions, or max skew assignments found ;
; Temp_mem_1[5]  ; No output delay, min/max delays, false-path exceptions, or max skew assignments found ;
; Temp_mem_1[6]  ; No output delay, min/max delays, false-path exceptions, or max skew assignments found ;
; Temp_mem_1[7]  ; No output delay, min/max delays, false-path exceptions, or max skew assignments found ;
; Temp_mem_1[8]  ; No output delay, min/max delays, false-path exceptions, or max skew assignments found ;
; Temp_mem_1[9]  ; No output delay, min/max delays, false-path exceptions, or max skew assignments found ;
; Temp_mem_1[10] ; No output delay, min/max delays, false-path exceptions, or max skew assignments found ;
; Temp_mem_1[11] ; No output delay, min/max delays, false-path exceptions, or max skew assignments found ;
; Temp_mem_1[12] ; No output delay, min/max delays, false-path exceptions, or max skew assignments found ;
; Temp_mem_1[13] ; No output delay, min/max delays, false-path exceptions, or max skew assignments found ;
; Temp_mem_1[14] ; No output delay, min/max delays, false-path exceptions, or max skew assignments found ;
; Temp_mem_1[15] ; No output delay, min/max delays, false-path exceptions, or max skew assignments found ;
; lcd_data[0]    ; No output delay, min/max delays, false-path exceptions, or max skew assignments found ;
; lcd_data[1]    ; No output delay, min/max delays, false-path exceptions, or max skew assignments found ;
; lcd_data[2]    ; No output delay, min/max delays, false-path exceptions, or max skew assignments found ;
; lcd_data[3]    ; No output delay, min/max delays, false-path exceptions, or max skew assignments found ;
; lcd_data[4]    ; No output delay, min/max delays, false-path exceptions, or max skew assignments found ;
; lcd_data[5]    ; No output delay, min/max delays, false-path exceptions, or max skew assignments found ;
; lcd_data[6]    ; No output delay, min/max delays, false-path exceptions, or max skew assignments found ;
; lcd_data[7]    ; No output delay, min/max delays, false-path exceptions, or max skew assignments found ;
; lcd_en         ; No output delay, min/max delays, false-path exceptions, or max skew assignments found ;
; lcd_rs         ; No output delay, min/max delays, false-path exceptions, or max skew assignments found ;
+----------------+---------------------------------------------------------------------------------------+


+-----------------------------------------------------------------------------------------------------+
; Unconstrained Input Ports                                                                           ;
+--------------+--------------------------------------------------------------------------------------+
; Input Port   ; Comment                                                                              ;
+--------------+--------------------------------------------------------------------------------------+
; btn_enviar   ; No input delay, min/max delays, false-path exceptions, or max skew assignments found ;
; btn_ligar    ; No input delay, min/max delays, false-path exceptions, or max skew assignments found ;
; reset        ; No input delay, min/max delays, false-path exceptions, or max skew assignments found ;
; switches[0]  ; No input delay, min/max delays, false-path exceptions, or max skew assignments found ;
; switches[1]  ; No input delay, min/max delays, false-path exceptions, or max skew assignments found ;
; switches[2]  ; No input delay, min/max delays, false-path exceptions, or max skew assignments found ;
; switches[3]  ; No input delay, min/max delays, false-path exceptions, or max skew assignments found ;
; switches[4]  ; No input delay, min/max delays, false-path exceptions, or max skew assignments found ;
; switches[5]  ; No input delay, min/max delays, false-path exceptions, or max skew assignments found ;
; switches[6]  ; No input delay, min/max delays, false-path exceptions, or max skew assignments found ;
; switches[7]  ; No input delay, min/max delays, false-path exceptions, or max skew assignments found ;
; switches[8]  ; No input delay, min/max delays, false-path exceptions, or max skew assignments found ;
; switches[9]  ; No input delay, min/max delays, false-path exceptions, or max skew assignments found ;
; switches[10] ; No input delay, min/max delays, false-path exceptions, or max skew assignments found ;
; switches[11] ; No input delay, min/max delays, false-path exceptions, or max skew assignments found ;
; switches[12] ; No input delay, min/max delays, false-path exceptions, or max skew assignments found ;
; switches[13] ; No input delay, min/max delays, false-path exceptions, or max skew assignments found ;
; switches[14] ; No input delay, min/max delays, false-path exceptions, or max skew assignments found ;
; switches[15] ; No input delay, min/max delays, false-path exceptions, or max skew assignments found ;
; switches[16] ; No input delay, min/max delays, false-path exceptions, or max skew assignments found ;
; switches[17] ; No input delay, min/max delays, false-path exceptions, or max skew assignments found ;
+--------------+--------------------------------------------------------------------------------------+


+--------------------------------------------------------------------------------------------------------+
; Unconstrained Output Ports                                                                             ;
+----------------+---------------------------------------------------------------------------------------+
; Output Port    ; Comment                                                                               ;
+----------------+---------------------------------------------------------------------------------------+
; ON             ; No output delay, min/max delays, false-path exceptions, or max skew assignments found ;
; Temp_mem_1[0]  ; No output delay, min/max delays, false-path exceptions, or max skew assignments found ;
; Temp_mem_1[1]  ; No output delay, min/max delays, false-path exceptions, or max skew assignments found ;
; Temp_mem_1[2]  ; No output delay, min/max delays, false-path exceptions, or max skew assignments found ;
; Temp_mem_1[3]  ; No output delay, min/max delays, false-path exceptions, or max skew assignments found ;
; Temp_mem_1[4]  ; No output delay, min/max delays, false-path exceptions, or max skew assignments found ;
; Temp_mem_1[5]  ; No output delay, min/max delays, false-path exceptions, or max skew assignments found ;
; Temp_mem_1[6]  ; No output delay, min/max delays, false-path exceptions, or max skew assignments found ;
; Temp_mem_1[7]  ; No output delay, min/max delays, false-path exceptions, or max skew assignments found ;
; Temp_mem_1[8]  ; No output delay, min/max delays, false-path exceptions, or max skew assignments found ;
; Temp_mem_1[9]  ; No output delay, min/max delays, false-path exceptions, or max skew assignments found ;
; Temp_mem_1[10] ; No output delay, min/max delays, false-path exceptions, or max skew assignments found ;
; Temp_mem_1[11] ; No output delay, min/max delays, false-path exceptions, or max skew assignments found ;
; Temp_mem_1[12] ; No output delay, min/max delays, false-path exceptions, or max skew assignments found ;
; Temp_mem_1[13] ; No output delay, min/max delays, false-path exceptions, or max skew assignments found ;
; Temp_mem_1[14] ; No output delay, min/max delays, false-path exceptions, or max skew assignments found ;
; Temp_mem_1[15] ; No output delay, min/max delays, false-path exceptions, or max skew assignments found ;
; lcd_data[0]    ; No output delay, min/max delays, false-path exceptions, or max skew assignments found ;
; lcd_data[1]    ; No output delay, min/max delays, false-path exceptions, or max skew assignments found ;
; lcd_data[2]    ; No output delay, min/max delays, false-path exceptions, or max skew assignments found ;
; lcd_data[3]    ; No output delay, min/max delays, false-path exceptions, or max skew assignments found ;
; lcd_data[4]    ; No output delay, min/max delays, false-path exceptions, or max skew assignments found ;
; lcd_data[5]    ; No output delay, min/max delays, false-path exceptions, or max skew assignments found ;
; lcd_data[6]    ; No output delay, min/max delays, false-path exceptions, or max skew assignments found ;
; lcd_data[7]    ; No output delay, min/max delays, false-path exceptions, or max skew assignments found ;
; lcd_en         ; No output delay, min/max delays, false-path exceptions, or max skew assignments found ;
; lcd_rs         ; No output delay, min/max delays, false-path exceptions, or max skew assignments found ;
+----------------+---------------------------------------------------------------------------------------+


+--------------------------+
; Timing Analyzer Messages ;
+--------------------------+
Info: *******************************************************************
Info: Running Quartus Prime Timing Analyzer
    Info: Version 21.1.1 Build 850 06/23/2022 SJ Lite Edition
    Info: Processing started: Tue Jun  9 16:19:48 2026
Info: Command: quartus_sta Proj_quartus -c Proj_quartus
Info: qsta_default_script.tcl version: #1
Warning (18236): Number of processors has not been specified which may cause overloading on shared machines.  Set the global assignment NUM_PARALLEL_PROCESSORS in your QSF to an appropriate value for best performance.
Info (20030): Parallel compilation is enabled and will use 16 of the 16 processors detected
Info (21077): Low junction temperature is 0 degrees C
Info (21077): High junction temperature is 85 degrees C
Critical Warning (332012): Synopsys Design Constraints File file not found: 'Proj_quartus.sdc'. A Synopsys Design Constraints File is required by the Timing Analyzer to get proper timing constraints. Without it, the Compiler will not properly optimize the design.
Info (332142): No user constrained base clocks found in the design. Calling "derive_clocks -period 1.0"
Info (332105): Deriving Clocks
    Info (332105): create_clock -period 1.000 -name clk clk
Info (332143): No user constrained clock uncertainty found in the design. Calling "derive_clock_uncertainty"
Info (332123): Deriving Clock Uncertainty. Please refer to report_sdc in the Timing Analyzer to see clock uncertainties.
Info: Found TIMING_ANALYZER_REPORT_SCRIPT_INCLUDE_DEFAULT_ANALYSIS = ON
Info: Analyzing Slow 1200mV 85C Model
Critical Warning (332148): Timing requirements not met
    Info (11105): For recommendations on closing timing, run Report Timing Closure Recommendations in the Timing Analyzer.
Info (332146): Worst-case setup slack is -5.194
    Info (332119):     Slack       End Point TNS Clock 
    Info (332119): ========= =================== =====================
    Info (332119):    -5.194           -1428.549 clk 
Info (332146): Worst-case hold slack is 0.365
    Info (332119):     Slack       End Point TNS Clock 
    Info (332119): ========= =================== =====================
    Info (332119):     0.365               0.000 clk 
Info (332146): Worst-case recovery slack is -3.870
    Info (332119):     Slack       End Point TNS Clock 
    Info (332119): ========= =================== =====================
    Info (332119):    -3.870            -670.722 clk 
Info (332146): Worst-case removal slack is 3.586
    Info (332119):     Slack       End Point TNS Clock 
    Info (332119): ========= =================== =====================
    Info (332119):     3.586               0.000 clk 
Info (332146): Worst-case minimum pulse width slack is -3.000
    Info (332119):     Slack       End Point TNS Clock 
    Info (332119): ========= =================== =====================
    Info (332119):    -3.000            -641.270 clk 
Info (332114): Report Metastability: Found 7 synchronizer chains.
    Info (332114): Design MTBF is not calculated because the design doesn't meet its timing requirements.
Info: Analyzing Slow 1200mV 0C Model
Info (334003): Started post-fitting delay annotation
Info (334004): Delay annotation completed successfully
Info (332123): Deriving Clock Uncertainty. Please refer to report_sdc in the Timing Analyzer to see clock uncertainties.
Critical Warning (332148): Timing requirements not met
    Info (11105): For recommendations on closing timing, run Report Timing Closure Recommendations in the Timing Analyzer.
Info (332146): Worst-case setup slack is -4.715
    Info (332119):     Slack       End Point TNS Clock 
    Info (332119): ========= =================== =====================
    Info (332119):    -4.715           -1276.858 clk 
Info (332146): Worst-case hold slack is 0.338
    Info (332119):     Slack       End Point TNS Clock 
    Info (332119): ========= =================== =====================
    Info (332119):     0.338               0.000 clk 
Info (332146): Worst-case recovery slack is -3.385
    Info (332119):     Slack       End Point TNS Clock 
    Info (332119): ========= =================== =====================
    Info (332119):    -3.385            -578.122 clk 
Info (332146): Worst-case removal slack is 3.224
    Info (332119):     Slack       End Point TNS Clock 
    Info (332119): ========= =================== =====================
    Info (332119):     3.224               0.000 clk 
Info (332146): Worst-case minimum pulse width slack is -3.000
    Info (332119):     Slack       End Point TNS Clock 
    Info (332119): ========= =================== =====================
    Info (332119):    -3.000            -641.270 clk 
Info (332114): Report Metastability: Found 7 synchronizer chains.
    Info (332114): Design MTBF is not calculated because the design doesn't meet its timing requirements.
Info: Analyzing Fast 1200mV 0C Model
Info (332123): Deriving Clock Uncertainty. Please refer to report_sdc in the Timing Analyzer to see clock uncertainties.
Critical Warning (332148): Timing requirements not met
    Info (11105): For recommendations on closing timing, run Report Timing Closure Recommendations in the Timing Analyzer.
Info (332146): Worst-case setup slack is -2.091
    Info (332119):     Slack       End Point TNS Clock 
    Info (332119): ========= =================== =====================
    Info (332119):    -2.091            -501.513 clk 
Info (332146): Worst-case hold slack is 0.144
    Info (332119):     Slack       End Point TNS Clock 
    Info (332119): ========= =================== =====================
    Info (332119):     0.144               0.000 clk 
Info (332146): Worst-case recovery slack is -1.567
    Info (332119):     Slack       End Point TNS Clock 
    Info (332119): ========= =================== =====================
    Info (332119):    -1.567            -266.704 clk 
Info (332146): Worst-case removal slack is 1.847
    Info (332119):     Slack       End Point TNS Clock 
    Info (332119): ========= =================== =====================
    Info (332119):     1.847               0.000 clk 
Info (332146): Worst-case minimum pulse width slack is -3.000
    Info (332119):     Slack       End Point TNS Clock 
    Info (332119): ========= =================== =====================
    Info (332119):    -3.000            -488.180 clk 
Info (332114): Report Metastability: Found 7 synchronizer chains.
    Info (332114): Design MTBF is not calculated because the design doesn't meet its timing requirements.
Info (332102): Design is not fully constrained for setup requirements
Info (332102): Design is not fully constrained for hold requirements
Info: Quartus Prime Timing Analyzer was successful. 0 errors, 5 warnings
    Info: Peak virtual memory: 5050 megabytes
    Info: Processing ended: Tue Jun  9 16:19:50 2026
    Info: Elapsed time: 00:00:02
    Info: Total CPU time (on all processors): 00:00:02


