Analysis & Synthesis report for Proj_quartus
Tue Jun  9 16:19:26 2026
Quartus Prime Version 21.1.1 Build 850 06/23/2022 SJ Lite Edition


---------------------
; Table of Contents ;
---------------------
  1. Legal Notice
  2. Analysis & Synthesis Summary
  3. Analysis & Synthesis Settings
  4. Parallel Compilation
  5. Analysis & Synthesis Source Files Read
  6. Analysis & Synthesis Resource Usage Summary
  7. Analysis & Synthesis Resource Utilization by Entity
  8. Analysis & Synthesis DSP Block Usage Summary
  9. State Machine - |module_mini_cpu|current_state
 10. State Machine - |module_mini_cpu|lcd_controller:LCD_DRIVER|estado_atual
 11. Registers Removed During Synthesis
 12. General Register Statistics
 13. Inverted Register Statistics
 14. Multiplexer Restructuring Statistics (Restructuring Performed)
 15. Parameter Settings for User Entity Instance: module_alu:ULA
 16. Parameter Settings for User Entity Instance: lcd_controller:LCD_DRIVER
 17. Parameter Settings for Inferred Entity Instance: lcd_controller:LCD_DRIVER|lpm_divide:Div0
 18. Parameter Settings for Inferred Entity Instance: lcd_controller:LCD_DRIVER|lpm_divide:Div2
 19. Parameter Settings for Inferred Entity Instance: lcd_controller:LCD_DRIVER|lpm_divide:Mod1
 20. Parameter Settings for Inferred Entity Instance: lcd_controller:LCD_DRIVER|lpm_divide:Div3
 21. Parameter Settings for Inferred Entity Instance: lcd_controller:LCD_DRIVER|lpm_divide:Mod2
 22. Parameter Settings for Inferred Entity Instance: lcd_controller:LCD_DRIVER|lpm_divide:Div1
 23. Parameter Settings for Inferred Entity Instance: lcd_controller:LCD_DRIVER|lpm_divide:Mod0
 24. Parameter Settings for Inferred Entity Instance: lcd_controller:LCD_DRIVER|lpm_divide:Mod3
 25. Parameter Settings for Inferred Entity Instance: module_alu:ULA|lpm_mult:Mult0
 26. lpm_mult Parameter Settings by Entity Instance
 27. Port Connectivity Checks: "debouncer:db_rst"
 28. Port Connectivity Checks: "debouncer:db_enviar"
 29. Port Connectivity Checks: "debouncer:db_ligar"
 30. Post-Synthesis Netlist Statistics for Top Partition
 31. Elapsed Time Per Partition
 32. Analysis & Synthesis Messages



----------------
; Legal Notice ;
----------------
Copyright (C) 2022  Intel Corporation. All rights reserved.
Your use of Intel Corporation's design tools, logic functions 
and other software and tools, and any partner logic 
functions, and any output files from any of the foregoing 
(including device programming or simulation files), and any 
associated documentation or information are expressly subject 
to the terms and conditions of the Intel Program License 
Subscription Agreement, the Intel Quartus Prime License Agreement,
the Intel FPGA IP License Agreement, or other applicable license
agreement, including, without limitation, that your use is for
the sole purpose of programming logic devices manufactured by
Intel and sold by Intel or its authorized distributors.  Please
refer to the applicable agreement for further details, at
https://fpgasoftware.intel.com/eula.



+----------------------------------------------------------------------------------+
; Analysis & Synthesis Summary                                                     ;
+------------------------------------+---------------------------------------------+
; Analysis & Synthesis Status        ; Successful - Tue Jun  9 16:19:26 2026       ;
; Quartus Prime Version              ; 21.1.1 Build 850 06/23/2022 SJ Lite Edition ;
; Revision Name                      ; Proj_quartus                                ;
; Top-level Entity Name              ; module_mini_cpu                             ;
; Family                             ; Cyclone IV E                                ;
; Total logic elements               ; 2,004                                       ;
;     Total combinational functions  ; 1,717                                       ;
;     Dedicated logic registers      ; 422                                         ;
; Total registers                    ; 422                                         ;
; Total pins                         ; 50                                          ;
; Total virtual pins                 ; 0                                           ;
; Total memory bits                  ; 0                                           ;
; Embedded Multiplier 9-bit elements ; 2                                           ;
; Total PLLs                         ; 0                                           ;
+------------------------------------+---------------------------------------------+


+------------------------------------------------------------------------------------------------------------+
; Analysis & Synthesis Settings                                                                              ;
+------------------------------------------------------------------+--------------------+--------------------+
; Option                                                           ; Setting            ; Default Value      ;
+------------------------------------------------------------------+--------------------+--------------------+
; Device                                                           ; EP4CE115F29C7      ;                    ;
; Top-level entity name                                            ; module_mini_cpu    ; Proj_quartus       ;
; Family name                                                      ; Cyclone IV E       ; Cyclone V          ;
; Use smart compilation                                            ; Off                ; Off                ;
; Enable parallel Assembler and Timing Analyzer during compilation ; On                 ; On                 ;
; Enable compact report table                                      ; Off                ; Off                ;
; Restructure Multiplexers                                         ; Auto               ; Auto               ;
; Create Debugging Nodes for IP Cores                              ; Off                ; Off                ;
; Preserve fewer node names                                        ; On                 ; On                 ;
; Intel FPGA IP Evaluation Mode                                    ; Enable             ; Enable             ;
; Verilog Version                                                  ; Verilog_2001       ; Verilog_2001       ;
; VHDL Version                                                     ; VHDL_1993          ; VHDL_1993          ;
; State Machine Processing                                         ; Auto               ; Auto               ;
; Safe State Machine                                               ; Off                ; Off                ;
; Extract Verilog State Machines                                   ; On                 ; On                 ;
; Extract VHDL State Machines                                      ; On                 ; On                 ;
; Ignore Verilog initial constructs                                ; Off                ; Off                ;
; Iteration limit for constant Verilog loops                       ; 5000               ; 5000               ;
; Iteration limit for non-constant Verilog loops                   ; 250                ; 250                ;
; Add Pass-Through Logic to Inferred RAMs                          ; On                 ; On                 ;
; Infer RAMs from Raw Logic                                        ; On                 ; On                 ;
; Parallel Synthesis                                               ; On                 ; On                 ;
; DSP Block Balancing                                              ; Auto               ; Auto               ;
; NOT Gate Push-Back                                               ; On                 ; On                 ;
; Power-Up Don't Care                                              ; On                 ; On                 ;
; Remove Redundant Logic Cells                                     ; Off                ; Off                ;
; Remove Duplicate Registers                                       ; On                 ; On                 ;
; Ignore CARRY Buffers                                             ; Off                ; Off                ;
; Ignore CASCADE Buffers                                           ; Off                ; Off                ;
; Ignore GLOBAL Buffers                                            ; Off                ; Off                ;
; Ignore ROW GLOBAL Buffers                                        ; Off                ; Off                ;
; Ignore LCELL Buffers                                             ; Off                ; Off                ;
; Ignore SOFT Buffers                                              ; On                 ; On                 ;
; Limit AHDL Integers to 32 Bits                                   ; Off                ; Off                ;
; Optimization Technique                                           ; Balanced           ; Balanced           ;
; Carry Chain Length                                               ; 70                 ; 70                 ;
; Auto Carry Chains                                                ; On                 ; On                 ;
; Auto Open-Drain Pins                                             ; On                 ; On                 ;
; Perform WYSIWYG Primitive Resynthesis                            ; Off                ; Off                ;
; Auto ROM Replacement                                             ; On                 ; On                 ;
; Auto RAM Replacement                                             ; On                 ; On                 ;
; Auto DSP Block Replacement                                       ; On                 ; On                 ;
; Auto Shift Register Replacement                                  ; Auto               ; Auto               ;
; Allow Shift Register Merging across Hierarchies                  ; Auto               ; Auto               ;
; Auto Clock Enable Replacement                                    ; On                 ; On                 ;
; Strict RAM Replacement                                           ; Off                ; Off                ;
; Allow Synchronous Control Signals                                ; On                 ; On                 ;
; Force Use of Synchronous Clear Signals                           ; Off                ; Off                ;
; Auto RAM Block Balancing                                         ; On                 ; On                 ;
; Auto RAM to Logic Cell Conversion                                ; Off                ; Off                ;
; Auto Resource Sharing                                            ; Off                ; Off                ;
; Allow Any RAM Size For Recognition                               ; Off                ; Off                ;
; Allow Any ROM Size For Recognition                               ; Off                ; Off                ;
; Allow Any Shift Register Size For Recognition                    ; Off                ; Off                ;
; Use LogicLock Constraints during Resource Balancing              ; On                 ; On                 ;
; Ignore translate_off and synthesis_off directives                ; Off                ; Off                ;
; Timing-Driven Synthesis                                          ; On                 ; On                 ;
; Report Parameter Settings                                        ; On                 ; On                 ;
; Report Source Assignments                                        ; On                 ; On                 ;
; Report Connectivity Checks                                       ; On                 ; On                 ;
; Ignore Maximum Fan-Out Assignments                               ; Off                ; Off                ;
; Synchronization Register Chain Length                            ; 2                  ; 2                  ;
; Power Optimization During Synthesis                              ; Normal compilation ; Normal compilation ;
; HDL message level                                                ; Level2             ; Level2             ;
; Suppress Register Optimization Related Messages                  ; Off                ; Off                ;
; Number of Removed Registers Reported in Synthesis Report         ; 5000               ; 5000               ;
; Number of Swept Nodes Reported in Synthesis Report               ; 5000               ; 5000               ;
; Number of Inverted Registers Reported in Synthesis Report        ; 100                ; 100                ;
; Clock MUX Protection                                             ; On                 ; On                 ;
; Auto Gated Clock Conversion                                      ; Off                ; Off                ;
; Block Design Naming                                              ; Auto               ; Auto               ;
; SDC constraint protection                                        ; Off                ; Off                ;
; Synthesis Effort                                                 ; Auto               ; Auto               ;
; Shift Register Replacement - Allow Asynchronous Clear Signal     ; On                 ; On                 ;
; Pre-Mapping Resynthesis Optimization                             ; Off                ; Off                ;
; Analysis & Synthesis Message Level                               ; Medium             ; Medium             ;
; Disable Register Merging Across Hierarchies                      ; Auto               ; Auto               ;
; Resource Aware Inference For Block RAM                           ; On                 ; On                 ;
+------------------------------------------------------------------+--------------------+--------------------+


+------------------------------------------+
; Parallel Compilation                     ;
+----------------------------+-------------+
; Processors                 ; Number      ;
+----------------------------+-------------+
; Number detected on machine ; 16          ;
; Maximum allowed            ; 16          ;
;                            ;             ;
; Average used               ; 1.00        ;
; Maximum used               ; 16          ;
;                            ;             ;
; Usage by Processor         ; % Time Used ;
;     Processor 1            ; 100.0%      ;
;     Processor 2            ;   0.0%      ;
;     Processor 3            ;   0.0%      ;
;     Processor 4            ;   0.0%      ;
;     Processor 5            ;   0.0%      ;
;     Processor 6            ;   0.0%      ;
;     Processor 7            ;   0.0%      ;
;     Processor 8            ;   0.0%      ;
;     Processors 9-16        ;   0.0%      ;
+----------------------------+-------------+


+---------------------------------------------------------------------------------------------------------------------------------------------------------------------------------------------+
; Analysis & Synthesis Source Files Read                                                                                                                                                      ;
+----------------------------------+-----------------+------------------------------+-----------------------------------------------------------------------------------------------+---------+
; File Name with User-Entered Path ; Used in Netlist ; File Type                    ; File Name with Absolute Path                                                                  ; Library ;
+----------------------------------+-----------------+------------------------------+-----------------------------------------------------------------------------------------------+---------+
; memory.v                         ; yes             ; User Verilog HDL File        ; C:/Users/mhrs/Documents/Projeto-SD/Segundo_Projeto_SD/Proj_quartus/memory.v                   ;         ;
; module_mini_cpu.v                ; yes             ; User Verilog HDL File        ; C:/Users/mhrs/Documents/Projeto-SD/Segundo_Projeto_SD/Proj_quartus/module_mini_cpu.v          ;         ;
; module_alu.v                     ; yes             ; User Verilog HDL File        ; C:/Users/mhrs/Documents/Projeto-SD/Segundo_Projeto_SD/Proj_quartus/module_alu.v               ;         ;
; lcd_controller.v                 ; yes             ; User Verilog HDL File        ; C:/Users/mhrs/Documents/Projeto-SD/Segundo_Projeto_SD/Proj_quartus/lcd_controller.v           ;         ;
; debouncer.v                      ; yes             ; User Verilog HDL File        ; C:/Users/mhrs/Documents/Projeto-SD/Segundo_Projeto_SD/Proj_quartus/debouncer.v                ;         ;
; lpm_divide.tdf                   ; yes             ; Megafunction                 ; c:/intelfpga_lite/21.1/quartus/libraries/megafunctions/lpm_divide.tdf                         ;         ;
; abs_divider.inc                  ; yes             ; Megafunction                 ; c:/intelfpga_lite/21.1/quartus/libraries/megafunctions/abs_divider.inc                        ;         ;
; sign_div_unsign.inc              ; yes             ; Megafunction                 ; c:/intelfpga_lite/21.1/quartus/libraries/megafunctions/sign_div_unsign.inc                    ;         ;
; aglobal211.inc                   ; yes             ; Megafunction                 ; c:/intelfpga_lite/21.1/quartus/libraries/megafunctions/aglobal211.inc                         ;         ;
; db/lpm_divide_jkm.tdf            ; yes             ; Auto-Generated Megafunction  ; C:/Users/mhrs/Documents/Projeto-SD/Segundo_Projeto_SD/Proj_quartus/db/lpm_divide_jkm.tdf      ;         ;
; db/sign_div_unsign_bnh.tdf       ; yes             ; Auto-Generated Megafunction  ; C:/Users/mhrs/Documents/Projeto-SD/Segundo_Projeto_SD/Proj_quartus/db/sign_div_unsign_bnh.tdf ;         ;
; db/alt_u_div_aaf.tdf             ; yes             ; Auto-Generated Megafunction  ; C:/Users/mhrs/Documents/Projeto-SD/Segundo_Projeto_SD/Proj_quartus/db/alt_u_div_aaf.tdf       ;         ;
; db/add_sub_7pc.tdf               ; yes             ; Auto-Generated Megafunction  ; C:/Users/mhrs/Documents/Projeto-SD/Segundo_Projeto_SD/Proj_quartus/db/add_sub_7pc.tdf         ;         ;
; db/add_sub_8pc.tdf               ; yes             ; Auto-Generated Megafunction  ; C:/Users/mhrs/Documents/Projeto-SD/Segundo_Projeto_SD/Proj_quartus/db/add_sub_8pc.tdf         ;         ;
; db/lpm_divide_5jm.tdf            ; yes             ; Auto-Generated Megafunction  ; C:/Users/mhrs/Documents/Projeto-SD/Segundo_Projeto_SD/Proj_quartus/db/lpm_divide_5jm.tdf      ;         ;
; db/sign_div_unsign_tlh.tdf       ; yes             ; Auto-Generated Megafunction  ; C:/Users/mhrs/Documents/Projeto-SD/Segundo_Projeto_SD/Proj_quartus/db/sign_div_unsign_tlh.tdf ;         ;
; db/alt_u_div_e7f.tdf             ; yes             ; Auto-Generated Megafunction  ; C:/Users/mhrs/Documents/Projeto-SD/Segundo_Projeto_SD/Proj_quartus/db/alt_u_div_e7f.tdf       ;         ;
; db/lpm_divide_5bm.tdf            ; yes             ; Auto-Generated Megafunction  ; C:/Users/mhrs/Documents/Projeto-SD/Segundo_Projeto_SD/Proj_quartus/db/lpm_divide_5bm.tdf      ;         ;
; db/sign_div_unsign_qlh.tdf       ; yes             ; Auto-Generated Megafunction  ; C:/Users/mhrs/Documents/Projeto-SD/Segundo_Projeto_SD/Proj_quartus/db/sign_div_unsign_qlh.tdf ;         ;
; db/alt_u_div_87f.tdf             ; yes             ; Auto-Generated Megafunction  ; C:/Users/mhrs/Documents/Projeto-SD/Segundo_Projeto_SD/Proj_quartus/db/alt_u_div_87f.tdf       ;         ;
; db/lpm_divide_2jm.tdf            ; yes             ; Auto-Generated Megafunction  ; C:/Users/mhrs/Documents/Projeto-SD/Segundo_Projeto_SD/Proj_quartus/db/lpm_divide_2jm.tdf      ;         ;
; db/lpm_divide_fkm.tdf            ; yes             ; Auto-Generated Megafunction  ; C:/Users/mhrs/Documents/Projeto-SD/Segundo_Projeto_SD/Proj_quartus/db/lpm_divide_fkm.tdf      ;         ;
; db/sign_div_unsign_7nh.tdf       ; yes             ; Auto-Generated Megafunction  ; C:/Users/mhrs/Documents/Projeto-SD/Segundo_Projeto_SD/Proj_quartus/db/sign_div_unsign_7nh.tdf ;         ;
; db/alt_u_div_2af.tdf             ; yes             ; Auto-Generated Megafunction  ; C:/Users/mhrs/Documents/Projeto-SD/Segundo_Projeto_SD/Proj_quartus/db/alt_u_div_2af.tdf       ;         ;
; lpm_mult.tdf                     ; yes             ; Megafunction                 ; c:/intelfpga_lite/21.1/quartus/libraries/megafunctions/lpm_mult.tdf                           ;         ;
; lpm_add_sub.inc                  ; yes             ; Megafunction                 ; c:/intelfpga_lite/21.1/quartus/libraries/megafunctions/lpm_add_sub.inc                        ;         ;
; multcore.inc                     ; yes             ; Megafunction                 ; c:/intelfpga_lite/21.1/quartus/libraries/megafunctions/multcore.inc                           ;         ;
; bypassff.inc                     ; yes             ; Megafunction                 ; c:/intelfpga_lite/21.1/quartus/libraries/megafunctions/bypassff.inc                           ;         ;
; altshift.inc                     ; yes             ; Megafunction                 ; c:/intelfpga_lite/21.1/quartus/libraries/megafunctions/altshift.inc                           ;         ;
; db/mult_7dt.tdf                  ; yes             ; Auto-Generated Megafunction  ; C:/Users/mhrs/Documents/Projeto-SD/Segundo_Projeto_SD/Proj_quartus/db/mult_7dt.tdf            ;         ;
+----------------------------------+-----------------+------------------------------+-----------------------------------------------------------------------------------------------+---------+


+---------------------------------------------------------+
; Analysis & Synthesis Resource Usage Summary             ;
+---------------------------------------------+-----------+
; Resource                                    ; Usage     ;
+---------------------------------------------+-----------+
; Estimated Total logic elements              ; 2,004     ;
;                                             ;           ;
; Total combinational functions               ; 1717      ;
; Logic element usage by number of LUT inputs ;           ;
;     -- 4 input functions                    ; 713       ;
;     -- 3 input functions                    ; 406       ;
;     -- <=2 input functions                  ; 598       ;
;                                             ;           ;
; Logic elements by mode                      ;           ;
;     -- normal mode                          ; 1335      ;
;     -- arithmetic mode                      ; 382       ;
;                                             ;           ;
; Total registers                             ; 422       ;
;     -- Dedicated logic registers            ; 422       ;
;     -- I/O registers                        ; 0         ;
;                                             ;           ;
; I/O pins                                    ; 50        ;
;                                             ;           ;
; Embedded Multiplier 9-bit elements          ; 2         ;
;                                             ;           ;
; Maximum fan-out node                        ; clk~input ;
; Maximum fan-out                             ; 422       ;
; Total fan-out                               ; 6638      ;
; Average fan-out                             ; 2.96      ;
+---------------------------------------------+-----------+


+--------------------------------------------------------------------------------------------------------------------------------------------------------------------------------------------------------------------------------------------------------------------------------------------------------------------------------------------------------+
; Analysis & Synthesis Resource Utilization by Entity                                                                                                                                                                                                                                                                                                    ;
+-------------------------------------------+---------------------+---------------------------+-------------+--------------+---------+-----------+------+--------------+--------------------------------------------------------------------------------------------------------------------------------------------+---------------------+--------------+
; Compilation Hierarchy Node                ; Combinational ALUTs ; Dedicated Logic Registers ; Memory Bits ; DSP Elements ; DSP 9x9 ; DSP 18x18 ; Pins ; Virtual Pins ; Full Hierarchy Name                                                                                                                        ; Entity Name         ; Library Name ;
+-------------------------------------------+---------------------+---------------------------+-------------+--------------+---------+-----------+------+--------------+--------------------------------------------------------------------------------------------------------------------------------------------+---------------------+--------------+
; |module_mini_cpu                          ; 1717 (252)          ; 422 (107)                 ; 0           ; 2            ; 0       ; 1         ; 50   ; 0            ; |module_mini_cpu                                                                                                                           ; module_mini_cpu     ; work         ;
;    |lcd_controller:LCD_DRIVER|            ; 1209 (136)          ; 39 (39)                   ; 0           ; 0            ; 0       ; 0         ; 0    ; 0            ; |module_mini_cpu|lcd_controller:LCD_DRIVER                                                                                                 ; lcd_controller      ; work         ;
;       |lpm_divide:Div0|                   ; 82 (0)              ; 0 (0)                     ; 0           ; 0            ; 0       ; 0         ; 0    ; 0            ; |module_mini_cpu|lcd_controller:LCD_DRIVER|lpm_divide:Div0                                                                                 ; lpm_divide          ; work         ;
;          |lpm_divide_jkm:auto_generated|  ; 82 (0)              ; 0 (0)                     ; 0           ; 0            ; 0       ; 0         ; 0    ; 0            ; |module_mini_cpu|lcd_controller:LCD_DRIVER|lpm_divide:Div0|lpm_divide_jkm:auto_generated                                                   ; lpm_divide_jkm      ; work         ;
;             |sign_div_unsign_bnh:divider| ; 82 (0)              ; 0 (0)                     ; 0           ; 0            ; 0       ; 0         ; 0    ; 0            ; |module_mini_cpu|lcd_controller:LCD_DRIVER|lpm_divide:Div0|lpm_divide_jkm:auto_generated|sign_div_unsign_bnh:divider                       ; sign_div_unsign_bnh ; work         ;
;                |alt_u_div_aaf:divider|    ; 82 (82)             ; 0 (0)                     ; 0           ; 0            ; 0       ; 0         ; 0    ; 0            ; |module_mini_cpu|lcd_controller:LCD_DRIVER|lpm_divide:Div0|lpm_divide_jkm:auto_generated|sign_div_unsign_bnh:divider|alt_u_div_aaf:divider ; alt_u_div_aaf       ; work         ;
;       |lpm_divide:Div1|                   ; 185 (0)             ; 0 (0)                     ; 0           ; 0            ; 0       ; 0         ; 0    ; 0            ; |module_mini_cpu|lcd_controller:LCD_DRIVER|lpm_divide:Div1                                                                                 ; lpm_divide          ; work         ;
;          |lpm_divide_fkm:auto_generated|  ; 185 (0)             ; 0 (0)                     ; 0           ; 0            ; 0       ; 0         ; 0    ; 0            ; |module_mini_cpu|lcd_controller:LCD_DRIVER|lpm_divide:Div1|lpm_divide_fkm:auto_generated                                                   ; lpm_divide_fkm      ; work         ;
;             |sign_div_unsign_7nh:divider| ; 185 (0)             ; 0 (0)                     ; 0           ; 0            ; 0       ; 0         ; 0    ; 0            ; |module_mini_cpu|lcd_controller:LCD_DRIVER|lpm_divide:Div1|lpm_divide_fkm:auto_generated|sign_div_unsign_7nh:divider                       ; sign_div_unsign_7nh ; work         ;
;                |alt_u_div_2af:divider|    ; 185 (185)           ; 0 (0)                     ; 0           ; 0            ; 0       ; 0         ; 0    ; 0            ; |module_mini_cpu|lcd_controller:LCD_DRIVER|lpm_divide:Div1|lpm_divide_fkm:auto_generated|sign_div_unsign_7nh:divider|alt_u_div_2af:divider ; alt_u_div_2af       ; work         ;
;       |lpm_divide:Div2|                   ; 201 (0)             ; 0 (0)                     ; 0           ; 0            ; 0       ; 0         ; 0    ; 0            ; |module_mini_cpu|lcd_controller:LCD_DRIVER|lpm_divide:Div2                                                                                 ; lpm_divide          ; work         ;
;          |lpm_divide_5jm:auto_generated|  ; 201 (0)             ; 0 (0)                     ; 0           ; 0            ; 0       ; 0         ; 0    ; 0            ; |module_mini_cpu|lcd_controller:LCD_DRIVER|lpm_divide:Div2|lpm_divide_5jm:auto_generated                                                   ; lpm_divide_5jm      ; work         ;
;             |sign_div_unsign_tlh:divider| ; 201 (0)             ; 0 (0)                     ; 0           ; 0            ; 0       ; 0         ; 0    ; 0            ; |module_mini_cpu|lcd_controller:LCD_DRIVER|lpm_divide:Div2|lpm_divide_5jm:auto_generated|sign_div_unsign_tlh:divider                       ; sign_div_unsign_tlh ; work         ;
;                |alt_u_div_e7f:divider|    ; 201 (201)           ; 0 (0)                     ; 0           ; 0            ; 0       ; 0         ; 0    ; 0            ; |module_mini_cpu|lcd_controller:LCD_DRIVER|lpm_divide:Div2|lpm_divide_5jm:auto_generated|sign_div_unsign_tlh:divider|alt_u_div_e7f:divider ; alt_u_div_e7f       ; work         ;
;       |lpm_divide:Div3|                   ; 160 (0)             ; 0 (0)                     ; 0           ; 0            ; 0       ; 0         ; 0    ; 0            ; |module_mini_cpu|lcd_controller:LCD_DRIVER|lpm_divide:Div3                                                                                 ; lpm_divide          ; work         ;
;          |lpm_divide_2jm:auto_generated|  ; 160 (0)             ; 0 (0)                     ; 0           ; 0            ; 0       ; 0         ; 0    ; 0            ; |module_mini_cpu|lcd_controller:LCD_DRIVER|lpm_divide:Div3|lpm_divide_2jm:auto_generated                                                   ; lpm_divide_2jm      ; work         ;
;             |sign_div_unsign_qlh:divider| ; 160 (0)             ; 0 (0)                     ; 0           ; 0            ; 0       ; 0         ; 0    ; 0            ; |module_mini_cpu|lcd_controller:LCD_DRIVER|lpm_divide:Div3|lpm_divide_2jm:auto_generated|sign_div_unsign_qlh:divider                       ; sign_div_unsign_qlh ; work         ;
;                |alt_u_div_87f:divider|    ; 160 (160)           ; 0 (0)                     ; 0           ; 0            ; 0       ; 0         ; 0    ; 0            ; |module_mini_cpu|lcd_controller:LCD_DRIVER|lpm_divide:Div3|lpm_divide_2jm:auto_generated|sign_div_unsign_qlh:divider|alt_u_div_87f:divider ; alt_u_div_87f       ; work         ;
;       |lpm_divide:Mod0|                   ; 52 (0)              ; 0 (0)                     ; 0           ; 0            ; 0       ; 0         ; 0    ; 0            ; |module_mini_cpu|lcd_controller:LCD_DRIVER|lpm_divide:Mod0                                                                                 ; lpm_divide          ; work         ;
;          |lpm_divide_5bm:auto_generated|  ; 52 (0)              ; 0 (0)                     ; 0           ; 0            ; 0       ; 0         ; 0    ; 0            ; |module_mini_cpu|lcd_controller:LCD_DRIVER|lpm_divide:Mod0|lpm_divide_5bm:auto_generated                                                   ; lpm_divide_5bm      ; work         ;
;             |sign_div_unsign_qlh:divider| ; 52 (0)              ; 0 (0)                     ; 0           ; 0            ; 0       ; 0         ; 0    ; 0            ; |module_mini_cpu|lcd_controller:LCD_DRIVER|lpm_divide:Mod0|lpm_divide_5bm:auto_generated|sign_div_unsign_qlh:divider                       ; sign_div_unsign_qlh ; work         ;
;                |alt_u_div_87f:divider|    ; 52 (52)             ; 0 (0)                     ; 0           ; 0            ; 0       ; 0         ; 0    ; 0            ; |module_mini_cpu|lcd_controller:LCD_DRIVER|lpm_divide:Mod0|lpm_divide_5bm:auto_generated|sign_div_unsign_qlh:divider|alt_u_div_87f:divider ; alt_u_div_87f       ; work         ;
;       |lpm_divide:Mod1|                   ; 94 (0)              ; 0 (0)                     ; 0           ; 0            ; 0       ; 0         ; 0    ; 0            ; |module_mini_cpu|lcd_controller:LCD_DRIVER|lpm_divide:Mod1                                                                                 ; lpm_divide          ; work         ;
;          |lpm_divide_5bm:auto_generated|  ; 94 (0)              ; 0 (0)                     ; 0           ; 0            ; 0       ; 0         ; 0    ; 0            ; |module_mini_cpu|lcd_controller:LCD_DRIVER|lpm_divide:Mod1|lpm_divide_5bm:auto_generated                                                   ; lpm_divide_5bm      ; work         ;
;             |sign_div_unsign_qlh:divider| ; 94 (0)              ; 0 (0)                     ; 0           ; 0            ; 0       ; 0         ; 0    ; 0            ; |module_mini_cpu|lcd_controller:LCD_DRIVER|lpm_divide:Mod1|lpm_divide_5bm:auto_generated|sign_div_unsign_qlh:divider                       ; sign_div_unsign_qlh ; work         ;
;                |alt_u_div_87f:divider|    ; 94 (94)             ; 0 (0)                     ; 0           ; 0            ; 0       ; 0         ; 0    ; 0            ; |module_mini_cpu|lcd_controller:LCD_DRIVER|lpm_divide:Mod1|lpm_divide_5bm:auto_generated|sign_div_unsign_qlh:divider|alt_u_div_87f:divider ; alt_u_div_87f       ; work         ;
;       |lpm_divide:Mod2|                   ; 136 (0)             ; 0 (0)                     ; 0           ; 0            ; 0       ; 0         ; 0    ; 0            ; |module_mini_cpu|lcd_controller:LCD_DRIVER|lpm_divide:Mod2                                                                                 ; lpm_divide          ; work         ;
;          |lpm_divide_5bm:auto_generated|  ; 136 (0)             ; 0 (0)                     ; 0           ; 0            ; 0       ; 0         ; 0    ; 0            ; |module_mini_cpu|lcd_controller:LCD_DRIVER|lpm_divide:Mod2|lpm_divide_5bm:auto_generated                                                   ; lpm_divide_5bm      ; work         ;
;             |sign_div_unsign_qlh:divider| ; 136 (0)             ; 0 (0)                     ; 0           ; 0            ; 0       ; 0         ; 0    ; 0            ; |module_mini_cpu|lcd_controller:LCD_DRIVER|lpm_divide:Mod2|lpm_divide_5bm:auto_generated|sign_div_unsign_qlh:divider                       ; sign_div_unsign_qlh ; work         ;
;                |alt_u_div_87f:divider|    ; 136 (136)           ; 0 (0)                     ; 0           ; 0            ; 0       ; 0         ; 0    ; 0            ; |module_mini_cpu|lcd_controller:LCD_DRIVER|lpm_divide:Mod2|lpm_divide_5bm:auto_generated|sign_div_unsign_qlh:divider|alt_u_div_87f:divider ; alt_u_div_87f       ; work         ;
;       |lpm_divide:Mod3|                   ; 163 (0)             ; 0 (0)                     ; 0           ; 0            ; 0       ; 0         ; 0    ; 0            ; |module_mini_cpu|lcd_controller:LCD_DRIVER|lpm_divide:Mod3                                                                                 ; lpm_divide          ; work         ;
;          |lpm_divide_5bm:auto_generated|  ; 163 (0)             ; 0 (0)                     ; 0           ; 0            ; 0       ; 0         ; 0    ; 0            ; |module_mini_cpu|lcd_controller:LCD_DRIVER|lpm_divide:Mod3|lpm_divide_5bm:auto_generated                                                   ; lpm_divide_5bm      ; work         ;
;             |sign_div_unsign_qlh:divider| ; 163 (0)             ; 0 (0)                     ; 0           ; 0            ; 0       ; 0         ; 0    ; 0            ; |module_mini_cpu|lcd_controller:LCD_DRIVER|lpm_divide:Mod3|lpm_divide_5bm:auto_generated|sign_div_unsign_qlh:divider                       ; sign_div_unsign_qlh ; work         ;
;                |alt_u_div_87f:divider|    ; 163 (163)           ; 0 (0)                     ; 0           ; 0            ; 0       ; 0         ; 0    ; 0            ; |module_mini_cpu|lcd_controller:LCD_DRIVER|lpm_divide:Mod3|lpm_divide_5bm:auto_generated|sign_div_unsign_qlh:divider|alt_u_div_87f:divider ; alt_u_div_87f       ; work         ;
;    |memory:MEMORY|                        ; 219 (219)           ; 258 (258)                 ; 0           ; 0            ; 0       ; 0         ; 0    ; 0            ; |module_mini_cpu|memory:MEMORY                                                                                                             ; memory              ; work         ;
;    |module_alu:ULA|                       ; 37 (37)             ; 18 (18)                   ; 0           ; 2            ; 0       ; 1         ; 0    ; 0            ; |module_mini_cpu|module_alu:ULA                                                                                                            ; module_alu          ; work         ;
;       |lpm_mult:Mult0|                    ; 0 (0)               ; 0 (0)                     ; 0           ; 2            ; 0       ; 1         ; 0    ; 0            ; |module_mini_cpu|module_alu:ULA|lpm_mult:Mult0                                                                                             ; lpm_mult            ; work         ;
;          |mult_7dt:auto_generated|        ; 0 (0)               ; 0 (0)                     ; 0           ; 2            ; 0       ; 1         ; 0    ; 0            ; |module_mini_cpu|module_alu:ULA|lpm_mult:Mult0|mult_7dt:auto_generated                                                                     ; mult_7dt            ; work         ;
+-------------------------------------------+---------------------+---------------------------+-------------+--------------+---------+-----------+------+--------------+--------------------------------------------------------------------------------------------------------------------------------------------+---------------------+--------------+
Note: For table entries with two numbers listed, the numbers in parentheses indicate the number of resources of the given type used by the specific entity alone. The numbers listed outside of parentheses indicate the total resources of the given type used by the specific entity and all of its sub-entities in the hierarchy.


+-----------------------------------------------------+
; Analysis & Synthesis DSP Block Usage Summary        ;
+---------------------------------------+-------------+
; Statistic                             ; Number Used ;
+---------------------------------------+-------------+
; Simple Multipliers (9-bit)            ; 0           ;
; Simple Multipliers (18-bit)           ; 1           ;
; Embedded Multiplier Blocks            ; --          ;
; Embedded Multiplier 9-bit elements    ; 2           ;
; Signed Embedded Multipliers           ; 0           ;
; Unsigned Embedded Multipliers         ; 1           ;
; Mixed Sign Embedded Multipliers       ; 0           ;
; Variable Sign Embedded Multipliers    ; 0           ;
; Dedicated Input Shift Register Chains ; 0           ;
+---------------------------------------+-------------+
Note: number of Embedded Multiplier Blocks used is only available after a successful fit.


Encoding Type:  One-Hot
+----------------------------------------------------------------------------------------------------------------------------------------------------------------------------------------------------------------------------------------------------------------------------------------------------------------------+
; State Machine - |module_mini_cpu|current_state                                                                                                                                                                                                                                                                       ;
+---------------------------------+------------------------------+-------------------------------+------------------------------+-------------------------------+----------------------------+---------------------------+--------------------------+---------------------------------+--------------------------------+
; Name                            ; current_state.STATE_MEM_WAIT ; current_state.STATE_MEM_WRITE ; current_state.STATE_ALU_WAIT ; current_state.STATE_ALU_START ; current_state.STATE_DECODE ; current_state.STATE_FETCH ; current_state.STATE_IDLE ; current_state.STATE_POWERED_OFF ; current_state.STATE_LCD_UPDATE ;
+---------------------------------+------------------------------+-------------------------------+------------------------------+-------------------------------+----------------------------+---------------------------+--------------------------+---------------------------------+--------------------------------+
; current_state.STATE_POWERED_OFF ; 0                            ; 0                             ; 0                            ; 0                             ; 0                          ; 0                         ; 0                        ; 0                               ; 0                              ;
; current_state.STATE_IDLE        ; 0                            ; 0                             ; 0                            ; 0                             ; 0                          ; 0                         ; 1                        ; 1                               ; 0                              ;
; current_state.STATE_FETCH       ; 0                            ; 0                             ; 0                            ; 0                             ; 0                          ; 1                         ; 0                        ; 1                               ; 0                              ;
; current_state.STATE_DECODE      ; 0                            ; 0                             ; 0                            ; 0                             ; 1                          ; 0                         ; 0                        ; 1                               ; 0                              ;
; current_state.STATE_ALU_START   ; 0                            ; 0                             ; 0                            ; 1                             ; 0                          ; 0                         ; 0                        ; 1                               ; 0                              ;
; current_state.STATE_ALU_WAIT    ; 0                            ; 0                             ; 1                            ; 0                             ; 0                          ; 0                         ; 0                        ; 1                               ; 0                              ;
; current_state.STATE_MEM_WRITE   ; 0                            ; 1                             ; 0                            ; 0                             ; 0                          ; 0                         ; 0                        ; 1                               ; 0                              ;
; current_state.STATE_MEM_WAIT    ; 1                            ; 0                             ; 0                            ; 0                             ; 0                          ; 0                         ; 0                        ; 1                               ; 0                              ;
; current_state.STATE_LCD_UPDATE  ; 0                            ; 0                             ; 0                            ; 0                             ; 0                          ; 0                         ; 0                        ; 1                               ; 1                              ;
+---------------------------------+------------------------------+-------------------------------+------------------------------+-------------------------------+----------------------------+---------------------------+--------------------------+---------------------------------+--------------------------------+


Encoding Type:  One-Hot
+--------------------------------------------------------------------------------------------------------------------------------------------------------------------------------------------------------------------------------------------------------------------------------------------------------------------------------------------------------------------------------+
; State Machine - |module_mini_cpu|lcd_controller:LCD_DRIVER|estado_atual                                                                                                                                                                                                                                                                                                        ;
+-----------------------------+---------------------------+---------------------------+-----------------------+-----------------------------+--------------------------+-----------------------------+-------------------------+---------------------+-------------------------+-----------------------+-----------------------+-----------------------+-------------------------+
; Name                        ; estado_atual.ST_wait_clr2 ; estado_atual.ST_wait_clr1 ; estado_atual.ST_feito ; estado_atual.ST_escrever_L2 ; estado_atual.ST_mover_L2 ; estado_atual.ST_escrever_L1 ; estado_atual.ST_avancar ; estado_atual.ST_clr ; estado_atual.ST_iniciar ; estado_atual.ST_init3 ; estado_atual.ST_init2 ; estado_atual.ST_init1 ; estado_atual.ST_default ;
+-----------------------------+---------------------------+---------------------------+-----------------------+-----------------------------+--------------------------+-----------------------------+-------------------------+---------------------+-------------------------+-----------------------+-----------------------+-----------------------+-------------------------+
; estado_atual.ST_default     ; 0                         ; 0                         ; 0                     ; 0                           ; 0                        ; 0                           ; 0                       ; 0                   ; 0                       ; 0                     ; 0                     ; 0                     ; 0                       ;
; estado_atual.ST_init1       ; 0                         ; 0                         ; 0                     ; 0                           ; 0                        ; 0                           ; 0                       ; 0                   ; 0                       ; 0                     ; 0                     ; 1                     ; 1                       ;
; estado_atual.ST_init2       ; 0                         ; 0                         ; 0                     ; 0                           ; 0                        ; 0                           ; 0                       ; 0                   ; 0                       ; 0                     ; 1                     ; 0                     ; 1                       ;
; estado_atual.ST_init3       ; 0                         ; 0                         ; 0                     ; 0                           ; 0                        ; 0                           ; 0                       ; 0                   ; 0                       ; 1                     ; 0                     ; 0                     ; 1                       ;
; estado_atual.ST_iniciar     ; 0                         ; 0                         ; 0                     ; 0                           ; 0                        ; 0                           ; 0                       ; 0                   ; 1                       ; 0                     ; 0                     ; 0                     ; 1                       ;
; estado_atual.ST_clr         ; 0                         ; 0                         ; 0                     ; 0                           ; 0                        ; 0                           ; 0                       ; 1                   ; 0                       ; 0                     ; 0                     ; 0                     ; 1                       ;
; estado_atual.ST_avancar     ; 0                         ; 0                         ; 0                     ; 0                           ; 0                        ; 0                           ; 1                       ; 0                   ; 0                       ; 0                     ; 0                     ; 0                     ; 1                       ;
; estado_atual.ST_escrever_L1 ; 0                         ; 0                         ; 0                     ; 0                           ; 0                        ; 1                           ; 0                       ; 0                   ; 0                       ; 0                     ; 0                     ; 0                     ; 1                       ;
; estado_atual.ST_mover_L2    ; 0                         ; 0                         ; 0                     ; 0                           ; 1                        ; 0                           ; 0                       ; 0                   ; 0                       ; 0                     ; 0                     ; 0                     ; 1                       ;
; estado_atual.ST_escrever_L2 ; 0                         ; 0                         ; 0                     ; 1                           ; 0                        ; 0                           ; 0                       ; 0                   ; 0                       ; 0                     ; 0                     ; 0                     ; 1                       ;
; estado_atual.ST_feito       ; 0                         ; 0                         ; 1                     ; 0                           ; 0                        ; 0                           ; 0                       ; 0                   ; 0                       ; 0                     ; 0                     ; 0                     ; 1                       ;
; estado_atual.ST_wait_clr1   ; 0                         ; 1                         ; 0                     ; 0                           ; 0                        ; 0                           ; 0                       ; 0                   ; 0                       ; 0                     ; 0                     ; 0                     ; 1                       ;
; estado_atual.ST_wait_clr2   ; 1                         ; 0                         ; 0                     ; 0                           ; 0                        ; 0                           ; 0                       ; 0                   ; 0                       ; 0                     ; 0                     ; 0                     ; 1                       ;
+-----------------------------+---------------------------+---------------------------+-----------------------+-----------------------------+--------------------------+-----------------------------+-------------------------+---------------------+-------------------------+-----------------------+-----------------------+-----------------------+-------------------------+


+------------------------------------------------------------------------------------+
; Registers Removed During Synthesis                                                 ;
+-------------------------------------------+----------------------------------------+
; Register name                             ; Reason for Removal                     ;
+-------------------------------------------+----------------------------------------+
; immediate_extended[7..15]                 ; Stuck at GND due to stuck port data_in ;
; mem_read_addr_2[3]                        ; Merged with immediate_extended[6]      ;
; mem_read_addr_2[2]                        ; Merged with immediate_extended[5]      ;
; mem_read_addr_2[1]                        ; Merged with immediate_extended[4]      ;
; mem_read_addr_2[0]                        ; Merged with immediate_extended[3]      ;
; current_state~4                           ; Lost fanout                            ;
; current_state~5                           ; Lost fanout                            ;
; current_state~6                           ; Lost fanout                            ;
; lcd_controller:LCD_DRIVER|estado_atual~17 ; Lost fanout                            ;
; lcd_controller:LCD_DRIVER|estado_atual~18 ; Lost fanout                            ;
; lcd_controller:LCD_DRIVER|estado_atual~19 ; Lost fanout                            ;
; lcd_controller:LCD_DRIVER|estado_atual~20 ; Lost fanout                            ;
; Total Number of Removed Registers = 20    ;                                        ;
+-------------------------------------------+----------------------------------------+


+------------------------------------------------------+
; General Register Statistics                          ;
+----------------------------------------------+-------+
; Statistic                                    ; Value ;
+----------------------------------------------+-------+
; Total registers                              ; 422   ;
; Number of registers using Synchronous Clear  ; 3     ;
; Number of registers using Synchronous Load   ; 16    ;
; Number of registers using Asynchronous Clear ; 164   ;
; Number of registers using Asynchronous Load  ; 0     ;
; Number of registers using Clock Enable       ; 381   ;
; Number of registers using Preset             ; 0     ;
+----------------------------------------------+-------+


+--------------------------------------------------+
; Inverted Register Statistics                     ;
+----------------------------------------+---------+
; Inverted Register                      ; Fan out ;
+----------------------------------------+---------+
; btn_reset_d                            ; 18      ;
; btn_ligar_d                            ; 2       ;
; btn_enviar_d                           ; 2       ;
; Total number of inverted registers = 3 ;         ;
+----------------------------------------+---------+


+---------------------------------------------------------------------------------------------------------------------------------------------------------------+
; Multiplexer Restructuring Statistics (Restructuring Performed)                                                                                                ;
+--------------------+-----------+---------------+----------------------+------------------------+------------+-------------------------------------------------+
; Multiplexer Inputs ; Bus Width ; Baseline Area ; Area if Restructured ; Saving if Restructured ; Registered ; Example Multiplexer Output                      ;
+--------------------+-----------+---------------+----------------------+------------------------+------------+-------------------------------------------------+
; 3:1                ; 16 bits   ; 32 LEs        ; 16 LEs               ; 16 LEs                 ; Yes        ; |module_mini_cpu|memory:MEMORY|ram[0][5]        ;
; 3:1                ; 16 bits   ; 32 LEs        ; 16 LEs               ; 16 LEs                 ; Yes        ; |module_mini_cpu|memory:MEMORY|ram[1][3]        ;
; 3:1                ; 16 bits   ; 32 LEs        ; 16 LEs               ; 16 LEs                 ; Yes        ; |module_mini_cpu|memory:MEMORY|ram[2][3]        ;
; 3:1                ; 16 bits   ; 32 LEs        ; 16 LEs               ; 16 LEs                 ; Yes        ; |module_mini_cpu|memory:MEMORY|ram[3][7]        ;
; 3:1                ; 16 bits   ; 32 LEs        ; 16 LEs               ; 16 LEs                 ; Yes        ; |module_mini_cpu|memory:MEMORY|ram[4][2]        ;
; 3:1                ; 16 bits   ; 32 LEs        ; 16 LEs               ; 16 LEs                 ; Yes        ; |module_mini_cpu|memory:MEMORY|ram[5][15]       ;
; 3:1                ; 16 bits   ; 32 LEs        ; 16 LEs               ; 16 LEs                 ; Yes        ; |module_mini_cpu|memory:MEMORY|ram[6][2]        ;
; 3:1                ; 16 bits   ; 32 LEs        ; 16 LEs               ; 16 LEs                 ; Yes        ; |module_mini_cpu|memory:MEMORY|ram[7][8]        ;
; 3:1                ; 16 bits   ; 32 LEs        ; 16 LEs               ; 16 LEs                 ; Yes        ; |module_mini_cpu|memory:MEMORY|ram[8][14]       ;
; 3:1                ; 16 bits   ; 32 LEs        ; 16 LEs               ; 16 LEs                 ; Yes        ; |module_mini_cpu|memory:MEMORY|ram[9][15]       ;
; 3:1                ; 16 bits   ; 32 LEs        ; 16 LEs               ; 16 LEs                 ; Yes        ; |module_mini_cpu|memory:MEMORY|ram[10][2]       ;
; 3:1                ; 16 bits   ; 32 LEs        ; 16 LEs               ; 16 LEs                 ; Yes        ; |module_mini_cpu|memory:MEMORY|ram[11][8]       ;
; 3:1                ; 16 bits   ; 32 LEs        ; 16 LEs               ; 16 LEs                 ; Yes        ; |module_mini_cpu|memory:MEMORY|ram[12][15]      ;
; 3:1                ; 16 bits   ; 32 LEs        ; 16 LEs               ; 16 LEs                 ; Yes        ; |module_mini_cpu|memory:MEMORY|ram[13][14]      ;
; 3:1                ; 16 bits   ; 32 LEs        ; 16 LEs               ; 16 LEs                 ; Yes        ; |module_mini_cpu|memory:MEMORY|ram[14][8]       ;
; 3:1                ; 16 bits   ; 32 LEs        ; 16 LEs               ; 16 LEs                 ; Yes        ; |module_mini_cpu|memory:MEMORY|ram[15][8]       ;
; 8:1                ; 16 bits   ; 80 LEs        ; 16 LEs               ; 64 LEs                 ; Yes        ; |module_mini_cpu|module_alu:ULA|resultvalue[15] ;
; 18:1               ; 9 bits    ; 108 LEs       ; 99 LEs               ; 9 LEs                  ; Yes        ; |module_mini_cpu|alu_value2[12]                 ;
; 18:1               ; 7 bits    ; 84 LEs        ; 84 LEs               ; 0 LEs                  ; Yes        ; |module_mini_cpu|alu_value2[0]                  ;
; 3:1                ; 9 bits    ; 18 LEs        ; 18 LEs               ; 0 LEs                  ; No         ; |module_mini_cpu|comb                           ;
; 3:1                ; 7 bits    ; 14 LEs        ; 14 LEs               ; 0 LEs                  ; No         ; |module_mini_cpu|comb                           ;
; 4:1                ; 16 bits   ; 32 LEs        ; 0 LEs                ; 32 LEs                 ; No         ; |module_mini_cpu|module_alu:ULA|Add0            ;
; 4:1                ; 16 bits   ; 32 LEs        ; 16 LEs               ; 16 LEs                 ; No         ; |module_mini_cpu|module_alu:ULA|Add0            ;
; 17:1               ; 16 bits   ; 176 LEs       ; 176 LEs              ; 0 LEs                  ; No         ; |module_mini_cpu|memory:MEMORY|read_data_1[15]  ;
+--------------------+-----------+---------------+----------------------+------------------------+------------+-------------------------------------------------+


+-------------------------------------------------------------+
; Parameter Settings for User Entity Instance: module_alu:ULA ;
+----------------+-------+------------------------------------+
; Parameter Name ; Value ; Type                               ;
+----------------+-------+------------------------------------+
; IDLE           ; 0     ; Unsigned Binary                    ;
; ARITHMETIC     ; 1     ; Unsigned Binary                    ;
+----------------+-------+------------------------------------+
Note: In order to hide this table in the UI and the text report file, please set the "Show Parameter Settings in Synthesis Report" option in "Analysis and Synthesis Settings -> More Settings" to "Off".


+------------------------------------------------------------------------+
; Parameter Settings for User Entity Instance: lcd_controller:LCD_DRIVER ;
+----------------+-------+-----------------------------------------------+
; Parameter Name ; Value ; Type                                          ;
+----------------+-------+-----------------------------------------------+
; ST_default     ; 0000  ; Unsigned Binary                               ;
; ST_init1       ; 0001  ; Unsigned Binary                               ;
; ST_init2       ; 0010  ; Unsigned Binary                               ;
; ST_init3       ; 0011  ; Unsigned Binary                               ;
; ST_iniciar     ; 0100  ; Unsigned Binary                               ;
; ST_clr         ; 0101  ; Unsigned Binary                               ;
; ST_avancar     ; 0110  ; Unsigned Binary                               ;
; ST_escrever_L1 ; 0111  ; Unsigned Binary                               ;
; ST_mover_L2    ; 1000  ; Unsigned Binary                               ;
; ST_escrever_L2 ; 1001  ; Unsigned Binary                               ;
; ST_feito       ; 1010  ; Unsigned Binary                               ;
; ST_wait_clr1   ; 1011  ; Unsigned Binary                               ;
; ST_wait_clr2   ; 1100  ; Unsigned Binary                               ;
+----------------+-------+-----------------------------------------------+
Note: In order to hide this table in the UI and the text report file, please set the "Show Parameter Settings in Synthesis Report" option in "Analysis and Synthesis Settings -> More Settings" to "Off".


+--------------------------------------------------------------------------------------------+
; Parameter Settings for Inferred Entity Instance: lcd_controller:LCD_DRIVER|lpm_divide:Div0 ;
+------------------------+----------------+--------------------------------------------------+
; Parameter Name         ; Value          ; Type                                             ;
+------------------------+----------------+--------------------------------------------------+
; LPM_WIDTHN             ; 16             ; Untyped                                          ;
; LPM_WIDTHD             ; 14             ; Untyped                                          ;
; LPM_NREPRESENTATION    ; UNSIGNED       ; Untyped                                          ;
; LPM_DREPRESENTATION    ; UNSIGNED       ; Untyped                                          ;
; LPM_PIPELINE           ; 0              ; Untyped                                          ;
; LPM_REMAINDERPOSITIVE  ; TRUE           ; Untyped                                          ;
; MAXIMIZE_SPEED         ; 5              ; Untyped                                          ;
; CBXI_PARAMETER         ; lpm_divide_jkm ; Untyped                                          ;
; CARRY_CHAIN            ; MANUAL         ; Untyped                                          ;
; OPTIMIZE_FOR_SPEED     ; 5              ; Untyped                                          ;
; AUTO_CARRY_CHAINS      ; ON             ; AUTO_CARRY                                       ;
; IGNORE_CARRY_BUFFERS   ; OFF            ; IGNORE_CARRY                                     ;
; AUTO_CASCADE_CHAINS    ; ON             ; AUTO_CASCADE                                     ;
; IGNORE_CASCADE_BUFFERS ; OFF            ; IGNORE_CASCADE                                   ;
+------------------------+----------------+--------------------------------------------------+
Note: In order to hide this table in the UI and the text report file, please set the "Show Parameter Settings in Synthesis Report" option in "Analysis and Synthesis Settings -> More Settings" to "Off".


+--------------------------------------------------------------------------------------------+
; Parameter Settings for Inferred Entity Instance: lcd_controller:LCD_DRIVER|lpm_divide:Div2 ;
+------------------------+----------------+--------------------------------------------------+
; Parameter Name         ; Value          ; Type                                             ;
+------------------------+----------------+--------------------------------------------------+
; LPM_WIDTHN             ; 16             ; Untyped                                          ;
; LPM_WIDTHD             ; 7              ; Untyped                                          ;
; LPM_NREPRESENTATION    ; UNSIGNED       ; Untyped                                          ;
; LPM_DREPRESENTATION    ; UNSIGNED       ; Untyped                                          ;
; LPM_PIPELINE           ; 0              ; Untyped                                          ;
; LPM_REMAINDERPOSITIVE  ; TRUE           ; Untyped                                          ;
; MAXIMIZE_SPEED         ; 5              ; Untyped                                          ;
; CBXI_PARAMETER         ; lpm_divide_5jm ; Untyped                                          ;
; CARRY_CHAIN            ; MANUAL         ; Untyped                                          ;
; OPTIMIZE_FOR_SPEED     ; 5              ; Untyped                                          ;
; AUTO_CARRY_CHAINS      ; ON             ; AUTO_CARRY                                       ;
; IGNORE_CARRY_BUFFERS   ; OFF            ; IGNORE_CARRY                                     ;
; AUTO_CASCADE_CHAINS    ; ON             ; AUTO_CASCADE                                     ;
; IGNORE_CASCADE_BUFFERS ; OFF            ; IGNORE_CASCADE                                   ;
+------------------------+----------------+--------------------------------------------------+
Note: In order to hide this table in the UI and the text report file, please set the "Show Parameter Settings in Synthesis Report" option in "Analysis and Synthesis Settings -> More Settings" to "Off".


+--------------------------------------------------------------------------------------------+
; Parameter Settings for Inferred Entity Instance: lcd_controller:LCD_DRIVER|lpm_divide:Mod1 ;
+------------------------+----------------+--------------------------------------------------+
; Parameter Name         ; Value          ; Type                                             ;
+------------------------+----------------+--------------------------------------------------+
; LPM_WIDTHN             ; 16             ; Untyped                                          ;
; LPM_WIDTHD             ; 4              ; Untyped                                          ;
; LPM_NREPRESENTATION    ; UNSIGNED       ; Untyped                                          ;
; LPM_DREPRESENTATION    ; UNSIGNED       ; Untyped                                          ;
; LPM_PIPELINE           ; 0              ; Untyped                                          ;
; LPM_REMAINDERPOSITIVE  ; TRUE           ; Untyped                                          ;
; MAXIMIZE_SPEED         ; 5              ; Untyped                                          ;
; CBXI_PARAMETER         ; lpm_divide_5bm ; Untyped                                          ;
; CARRY_CHAIN            ; MANUAL         ; Untyped                                          ;
; OPTIMIZE_FOR_SPEED     ; 5              ; Untyped                                          ;
; AUTO_CARRY_CHAINS      ; ON             ; AUTO_CARRY                                       ;
; IGNORE_CARRY_BUFFERS   ; OFF            ; IGNORE_CARRY                                     ;
; AUTO_CASCADE_CHAINS    ; ON             ; AUTO_CASCADE                                     ;
; IGNORE_CASCADE_BUFFERS ; OFF            ; IGNORE_CASCADE                                   ;
+------------------------+----------------+--------------------------------------------------+
Note: In order to hide this table in the UI and the text report file, please set the "Show Parameter Settings in Synthesis Report" option in "Analysis and Synthesis Settings -> More Settings" to "Off".


+--------------------------------------------------------------------------------------------+
; Parameter Settings for Inferred Entity Instance: lcd_controller:LCD_DRIVER|lpm_divide:Div3 ;
+------------------------+----------------+--------------------------------------------------+
; Parameter Name         ; Value          ; Type                                             ;
+------------------------+----------------+--------------------------------------------------+
; LPM_WIDTHN             ; 16             ; Untyped                                          ;
; LPM_WIDTHD             ; 4              ; Untyped                                          ;
; LPM_NREPRESENTATION    ; UNSIGNED       ; Untyped                                          ;
; LPM_DREPRESENTATION    ; UNSIGNED       ; Untyped                                          ;
; LPM_PIPELINE           ; 0              ; Untyped                                          ;
; LPM_REMAINDERPOSITIVE  ; TRUE           ; Untyped                                          ;
; MAXIMIZE_SPEED         ; 5              ; Untyped                                          ;
; CBXI_PARAMETER         ; lpm_divide_2jm ; Untyped                                          ;
; CARRY_CHAIN            ; MANUAL         ; Untyped                                          ;
; OPTIMIZE_FOR_SPEED     ; 5              ; Untyped                                          ;
; AUTO_CARRY_CHAINS      ; ON             ; AUTO_CARRY                                       ;
; IGNORE_CARRY_BUFFERS   ; OFF            ; IGNORE_CARRY                                     ;
; AUTO_CASCADE_CHAINS    ; ON             ; AUTO_CASCADE                                     ;
; IGNORE_CASCADE_BUFFERS ; OFF            ; IGNORE_CASCADE                                   ;
+------------------------+----------------+--------------------------------------------------+
Note: In order to hide this table in the UI and the text report file, please set the "Show Parameter Settings in Synthesis Report" option in "Analysis and Synthesis Settings -> More Settings" to "Off".


+--------------------------------------------------------------------------------------------+
; Parameter Settings for Inferred Entity Instance: lcd_controller:LCD_DRIVER|lpm_divide:Mod2 ;
+------------------------+----------------+--------------------------------------------------+
; Parameter Name         ; Value          ; Type                                             ;
+------------------------+----------------+--------------------------------------------------+
; LPM_WIDTHN             ; 16             ; Untyped                                          ;
; LPM_WIDTHD             ; 4              ; Untyped                                          ;
; LPM_NREPRESENTATION    ; UNSIGNED       ; Untyped                                          ;
; LPM_DREPRESENTATION    ; UNSIGNED       ; Untyped                                          ;
; LPM_PIPELINE           ; 0              ; Untyped                                          ;
; LPM_REMAINDERPOSITIVE  ; TRUE           ; Untyped                                          ;
; MAXIMIZE_SPEED         ; 5              ; Untyped                                          ;
; CBXI_PARAMETER         ; lpm_divide_5bm ; Untyped                                          ;
; CARRY_CHAIN            ; MANUAL         ; Untyped                                          ;
; OPTIMIZE_FOR_SPEED     ; 5              ; Untyped                                          ;
; AUTO_CARRY_CHAINS      ; ON             ; AUTO_CARRY                                       ;
; IGNORE_CARRY_BUFFERS   ; OFF            ; IGNORE_CARRY                                     ;
; AUTO_CASCADE_CHAINS    ; ON             ; AUTO_CASCADE                                     ;
; IGNORE_CASCADE_BUFFERS ; OFF            ; IGNORE_CASCADE                                   ;
+------------------------+----------------+--------------------------------------------------+
Note: In order to hide this table in the UI and the text report file, please set the "Show Parameter Settings in Synthesis Report" option in "Analysis and Synthesis Settings -> More Settings" to "Off".


+--------------------------------------------------------------------------------------------+
; Parameter Settings for Inferred Entity Instance: lcd_controller:LCD_DRIVER|lpm_divide:Div1 ;
+------------------------+----------------+--------------------------------------------------+
; Parameter Name         ; Value          ; Type                                             ;
+------------------------+----------------+--------------------------------------------------+
; LPM_WIDTHN             ; 16             ; Untyped                                          ;
; LPM_WIDTHD             ; 10             ; Untyped                                          ;
; LPM_NREPRESENTATION    ; UNSIGNED       ; Untyped                                          ;
; LPM_DREPRESENTATION    ; UNSIGNED       ; Untyped                                          ;
; LPM_PIPELINE           ; 0              ; Untyped                                          ;
; LPM_REMAINDERPOSITIVE  ; TRUE           ; Untyped                                          ;
; MAXIMIZE_SPEED         ; 5              ; Untyped                                          ;
; CBXI_PARAMETER         ; lpm_divide_fkm ; Untyped                                          ;
; CARRY_CHAIN            ; MANUAL         ; Untyped                                          ;
; OPTIMIZE_FOR_SPEED     ; 5              ; Untyped                                          ;
; AUTO_CARRY_CHAINS      ; ON             ; AUTO_CARRY                                       ;
; IGNORE_CARRY_BUFFERS   ; OFF            ; IGNORE_CARRY                                     ;
; AUTO_CASCADE_CHAINS    ; ON             ; AUTO_CASCADE                                     ;
; IGNORE_CASCADE_BUFFERS ; OFF            ; IGNORE_CASCADE                                   ;
+------------------------+----------------+--------------------------------------------------+
Note: In order to hide this table in the UI and the text report file, please set the "Show Parameter Settings in Synthesis Report" option in "Analysis and Synthesis Settings -> More Settings" to "Off".


+--------------------------------------------------------------------------------------------+
; Parameter Settings for Inferred Entity Instance: lcd_controller:LCD_DRIVER|lpm_divide:Mod0 ;
+------------------------+----------------+--------------------------------------------------+
; Parameter Name         ; Value          ; Type                                             ;
+------------------------+----------------+--------------------------------------------------+
; LPM_WIDTHN             ; 16             ; Untyped                                          ;
; LPM_WIDTHD             ; 4              ; Untyped                                          ;
; LPM_NREPRESENTATION    ; UNSIGNED       ; Untyped                                          ;
; LPM_DREPRESENTATION    ; UNSIGNED       ; Untyped                                          ;
; LPM_PIPELINE           ; 0              ; Untyped                                          ;
; LPM_REMAINDERPOSITIVE  ; TRUE           ; Untyped                                          ;
; MAXIMIZE_SPEED         ; 5              ; Untyped                                          ;
; CBXI_PARAMETER         ; lpm_divide_5bm ; Untyped                                          ;
; CARRY_CHAIN            ; MANUAL         ; Untyped                                          ;
; OPTIMIZE_FOR_SPEED     ; 5              ; Untyped                                          ;
; AUTO_CARRY_CHAINS      ; ON             ; AUTO_CARRY                                       ;
; IGNORE_CARRY_BUFFERS   ; OFF            ; IGNORE_CARRY                                     ;
; AUTO_CASCADE_CHAINS    ; ON             ; AUTO_CASCADE                                     ;
; IGNORE_CASCADE_BUFFERS ; OFF            ; IGNORE_CASCADE                                   ;
+------------------------+----------------+--------------------------------------------------+
Note: In order to hide this table in the UI and the text report file, please set the "Show Parameter Settings in Synthesis Report" option in "Analysis and Synthesis Settings -> More Settings" to "Off".


+--------------------------------------------------------------------------------------------+
; Parameter Settings for Inferred Entity Instance: lcd_controller:LCD_DRIVER|lpm_divide:Mod3 ;
+------------------------+----------------+--------------------------------------------------+
; Parameter Name         ; Value          ; Type                                             ;
+------------------------+----------------+--------------------------------------------------+
; LPM_WIDTHN             ; 16             ; Untyped                                          ;
; LPM_WIDTHD             ; 4              ; Untyped                                          ;
; LPM_NREPRESENTATION    ; UNSIGNED       ; Untyped                                          ;
; LPM_DREPRESENTATION    ; UNSIGNED       ; Untyped                                          ;
; LPM_PIPELINE           ; 0              ; Untyped                                          ;
; LPM_REMAINDERPOSITIVE  ; TRUE           ; Untyped                                          ;
; MAXIMIZE_SPEED         ; 5              ; Untyped                                          ;
; CBXI_PARAMETER         ; lpm_divide_5bm ; Untyped                                          ;
; CARRY_CHAIN            ; MANUAL         ; Untyped                                          ;
; OPTIMIZE_FOR_SPEED     ; 5              ; Untyped                                          ;
; AUTO_CARRY_CHAINS      ; ON             ; AUTO_CARRY                                       ;
; IGNORE_CARRY_BUFFERS   ; OFF            ; IGNORE_CARRY                                     ;
; AUTO_CASCADE_CHAINS    ; ON             ; AUTO_CASCADE                                     ;
; IGNORE_CASCADE_BUFFERS ; OFF            ; IGNORE_CASCADE                                   ;
+------------------------+----------------+--------------------------------------------------+
Note: In order to hide this table in the UI and the text report file, please set the "Show Parameter Settings in Synthesis Report" option in "Analysis and Synthesis Settings -> More Settings" to "Off".


+-------------------------------------------------------------------------------------+
; Parameter Settings for Inferred Entity Instance: module_alu:ULA|lpm_mult:Mult0      ;
+------------------------------------------------+--------------+---------------------+
; Parameter Name                                 ; Value        ; Type                ;
+------------------------------------------------+--------------+---------------------+
; AUTO_CARRY_CHAINS                              ; ON           ; AUTO_CARRY          ;
; IGNORE_CARRY_BUFFERS                           ; OFF          ; IGNORE_CARRY        ;
; AUTO_CASCADE_CHAINS                            ; ON           ; AUTO_CASCADE        ;
; IGNORE_CASCADE_BUFFERS                         ; OFF          ; IGNORE_CASCADE      ;
; LPM_WIDTHA                                     ; 16           ; Untyped             ;
; LPM_WIDTHB                                     ; 16           ; Untyped             ;
; LPM_WIDTHP                                     ; 32           ; Untyped             ;
; LPM_WIDTHR                                     ; 32           ; Untyped             ;
; LPM_WIDTHS                                     ; 1            ; Untyped             ;
; LPM_REPRESENTATION                             ; UNSIGNED     ; Untyped             ;
; LPM_PIPELINE                                   ; 0            ; Untyped             ;
; LATENCY                                        ; 0            ; Untyped             ;
; INPUT_A_IS_CONSTANT                            ; NO           ; Untyped             ;
; INPUT_B_IS_CONSTANT                            ; NO           ; Untyped             ;
; USE_EAB                                        ; OFF          ; Untyped             ;
; MAXIMIZE_SPEED                                 ; 6            ; Untyped             ;
; DEVICE_FAMILY                                  ; Cyclone IV E ; Untyped             ;
; CARRY_CHAIN                                    ; MANUAL       ; Untyped             ;
; APEX20K_TECHNOLOGY_MAPPER                      ; LUT          ; TECH_MAPPER_APEX20K ;
; DEDICATED_MULTIPLIER_CIRCUITRY                 ; AUTO         ; Untyped             ;
; DEDICATED_MULTIPLIER_MIN_INPUT_WIDTH_FOR_AUTO  ; 0            ; Untyped             ;
; DEDICATED_MULTIPLIER_MIN_OUTPUT_WIDTH_FOR_AUTO ; 0            ; Untyped             ;
; CBXI_PARAMETER                                 ; mult_7dt     ; Untyped             ;
; INPUT_A_FIXED_VALUE                            ; Bx           ; Untyped             ;
; INPUT_B_FIXED_VALUE                            ; Bx           ; Untyped             ;
; USE_AHDL_IMPLEMENTATION                        ; OFF          ; Untyped             ;
+------------------------------------------------+--------------+---------------------+
Note: In order to hide this table in the UI and the text report file, please set the "Show Parameter Settings in Synthesis Report" option in "Analysis and Synthesis Settings -> More Settings" to "Off".


+-----------------------------------------------------------------------+
; lpm_mult Parameter Settings by Entity Instance                        ;
+---------------------------------------+-------------------------------+
; Name                                  ; Value                         ;
+---------------------------------------+-------------------------------+
; Number of entity instances            ; 1                             ;
; Entity Instance                       ; module_alu:ULA|lpm_mult:Mult0 ;
;     -- LPM_WIDTHA                     ; 16                            ;
;     -- LPM_WIDTHB                     ; 16                            ;
;     -- LPM_WIDTHP                     ; 32                            ;
;     -- LPM_REPRESENTATION             ; UNSIGNED                      ;
;     -- INPUT_A_IS_CONSTANT            ; NO                            ;
;     -- INPUT_B_IS_CONSTANT            ; NO                            ;
;     -- USE_EAB                        ; OFF                           ;
;     -- DEDICATED_MULTIPLIER_CIRCUITRY ; AUTO                          ;
;     -- INPUT_A_FIXED_VALUE            ; Bx                            ;
;     -- INPUT_B_FIXED_VALUE            ; Bx                            ;
+---------------------------------------+-------------------------------+


+-------------------------------------------------------------------------------------------------------------------+
; Port Connectivity Checks: "debouncer:db_rst"                                                                      ;
+---------+--------+----------+-------------------------------------------------------------------------------------+
; Port    ; Type   ; Severity ; Details                                                                             ;
+---------+--------+----------+-------------------------------------------------------------------------------------+
; btn_out ; Output ; Info     ; Connected to dangling logic. Logic that only feeds a dangling port will be removed. ;
+---------+--------+----------+-------------------------------------------------------------------------------------+


+-------------------------------------------------------------------------------------------------------------------+
; Port Connectivity Checks: "debouncer:db_enviar"                                                                   ;
+---------+--------+----------+-------------------------------------------------------------------------------------+
; Port    ; Type   ; Severity ; Details                                                                             ;
+---------+--------+----------+-------------------------------------------------------------------------------------+
; btn_out ; Output ; Info     ; Connected to dangling logic. Logic that only feeds a dangling port will be removed. ;
+---------+--------+----------+-------------------------------------------------------------------------------------+


+-------------------------------------------------------------------------------------------------------------------+
; Port Connectivity Checks: "debouncer:db_ligar"                                                                    ;
+---------+--------+----------+-------------------------------------------------------------------------------------+
; Port    ; Type   ; Severity ; Details                                                                             ;
+---------+--------+----------+-------------------------------------------------------------------------------------+
; btn_out ; Output ; Info     ; Connected to dangling logic. Logic that only feeds a dangling port will be removed. ;
+---------+--------+----------+-------------------------------------------------------------------------------------+


+-----------------------------------------------------+
; Post-Synthesis Netlist Statistics for Top Partition ;
+-----------------------+-----------------------------+
; Type                  ; Count                       ;
+-----------------------+-----------------------------+
; boundary_port         ; 50                          ;
; cycloneiii_ff         ; 422                         ;
;     CLR               ; 37                          ;
;     CLR SCLR          ; 3                           ;
;     ENA               ; 257                         ;
;     ENA CLR           ; 108                         ;
;     ENA CLR SLD       ; 16                          ;
;     plain             ; 1                           ;
; cycloneiii_lcell_comb ; 1719                        ;
;     arith             ; 382                         ;
;         1 data inputs ; 3                           ;
;         2 data inputs ; 63                          ;
;         3 data inputs ; 316                         ;
;     normal            ; 1337                        ;
;         0 data inputs ; 68                          ;
;         1 data inputs ; 26                          ;
;         2 data inputs ; 440                         ;
;         3 data inputs ; 90                          ;
;         4 data inputs ; 713                         ;
; cycloneiii_mac_mult   ; 1                           ;
; cycloneiii_mac_out    ; 1                           ;
;                       ;                             ;
; Max LUT depth         ; 45.30                       ;
; Average LUT depth     ; 30.43                       ;
+-----------------------+-----------------------------+


+-------------------------------+
; Elapsed Time Per Partition    ;
+----------------+--------------+
; Partition Name ; Elapsed Time ;
+----------------+--------------+
; Top            ; 00:00:08     ;
+----------------+--------------+


+-------------------------------+
; Analysis & Synthesis Messages ;
+-------------------------------+
Info: *******************************************************************
Info: Running Quartus Prime Analysis & Synthesis
    Info: Version 21.1.1 Build 850 06/23/2022 SJ Lite Edition
    Info: Processing started: Tue Jun  9 16:19:10 2026
Info: Command: quartus_map --read_settings_files=on --write_settings_files=off Proj_quartus -c Proj_quartus
Warning (18236): Number of processors has not been specified which may cause overloading on shared machines.  Set the global assignment NUM_PARALLEL_PROCESSORS in your QSF to an appropriate value for best performance.
Info (20030): Parallel compilation is enabled and will use 16 of the 16 processors detected
Info (12021): Found 1 design units, including 1 entities, in source file memory.v
    Info (12023): Found entity 1: memory File: C:/Users/mhrs/Documents/Projeto-SD/Segundo_Projeto_SD/Proj_quartus/memory.v Line: 1
Info (12021): Found 1 design units, including 1 entities, in source file module_mini_cpu.v
    Info (12023): Found entity 1: module_mini_cpu File: C:/Users/mhrs/Documents/Projeto-SD/Segundo_Projeto_SD/Proj_quartus/module_mini_cpu.v Line: 1
Info (12021): Found 1 design units, including 1 entities, in source file module_alu.v
    Info (12023): Found entity 1: module_alu File: C:/Users/mhrs/Documents/Projeto-SD/Segundo_Projeto_SD/Proj_quartus/module_alu.v Line: 1
Info (12021): Found 1 design units, including 1 entities, in source file lcd_controller.v
    Info (12023): Found entity 1: lcd_controller File: C:/Users/mhrs/Documents/Projeto-SD/Segundo_Projeto_SD/Proj_quartus/lcd_controller.v Line: 1
Info (12021): Found 1 design units, including 1 entities, in source file debouncer.v
    Info (12023): Found entity 1: debouncer File: C:/Users/mhrs/Documents/Projeto-SD/Segundo_Projeto_SD/Proj_quartus/debouncer.v Line: 1
Info (12127): Elaborating entity "module_mini_cpu" for the top level hierarchy
Warning (10036): Verilog HDL or VHDL warning at module_mini_cpu.v(76): object "r_src1" assigned a value but never read File: C:/Users/mhrs/Documents/Projeto-SD/Segundo_Projeto_SD/Proj_quartus/module_mini_cpu.v Line: 76
Warning (10036): Verilog HDL or VHDL warning at module_mini_cpu.v(77): object "r_src2" assigned a value but never read File: C:/Users/mhrs/Documents/Projeto-SD/Segundo_Projeto_SD/Proj_quartus/module_mini_cpu.v Line: 77
Info (12128): Elaborating entity "module_alu" for hierarchy "module_alu:ULA" File: C:/Users/mhrs/Documents/Projeto-SD/Segundo_Projeto_SD/Proj_quartus/module_mini_cpu.v Line: 37
Info (12128): Elaborating entity "memory" for hierarchy "memory:MEMORY" File: C:/Users/mhrs/Documents/Projeto-SD/Segundo_Projeto_SD/Proj_quartus/module_mini_cpu.v Line: 45
Info (12128): Elaborating entity "lcd_controller" for hierarchy "lcd_controller:LCD_DRIVER" File: C:/Users/mhrs/Documents/Projeto-SD/Segundo_Projeto_SD/Proj_quartus/module_mini_cpu.v Line: 63
Warning (10230): Verilog HDL assignment warning at lcd_controller.v(83): truncated value with size 32 to match size of target (8) File: C:/Users/mhrs/Documents/Projeto-SD/Segundo_Projeto_SD/Proj_quartus/lcd_controller.v Line: 83
Warning (10230): Verilog HDL assignment warning at lcd_controller.v(84): truncated value with size 32 to match size of target (8) File: C:/Users/mhrs/Documents/Projeto-SD/Segundo_Projeto_SD/Proj_quartus/lcd_controller.v Line: 84
Warning (10230): Verilog HDL assignment warning at lcd_controller.v(85): truncated value with size 32 to match size of target (8) File: C:/Users/mhrs/Documents/Projeto-SD/Segundo_Projeto_SD/Proj_quartus/lcd_controller.v Line: 85
Warning (10230): Verilog HDL assignment warning at lcd_controller.v(86): truncated value with size 32 to match size of target (8) File: C:/Users/mhrs/Documents/Projeto-SD/Segundo_Projeto_SD/Proj_quartus/lcd_controller.v Line: 86
Warning (10230): Verilog HDL assignment warning at lcd_controller.v(87): truncated value with size 32 to match size of target (8) File: C:/Users/mhrs/Documents/Projeto-SD/Segundo_Projeto_SD/Proj_quartus/lcd_controller.v Line: 87
Warning (10270): Verilog HDL Case Statement warning at lcd_controller.v(124): incomplete case statement has no default case item File: C:/Users/mhrs/Documents/Projeto-SD/Segundo_Projeto_SD/Proj_quartus/lcd_controller.v Line: 124
Info (10264): Verilog HDL Case Statement information at lcd_controller.v(124): all case item expressions in this case statement are onehot File: C:/Users/mhrs/Documents/Projeto-SD/Segundo_Projeto_SD/Proj_quartus/lcd_controller.v Line: 124
Info (12128): Elaborating entity "debouncer" for hierarchy "debouncer:db_ligar" File: C:/Users/mhrs/Documents/Projeto-SD/Segundo_Projeto_SD/Proj_quartus/module_mini_cpu.v Line: 209
Warning (10230): Verilog HDL assignment warning at debouncer.v(16): truncated value with size 32 to match size of target (20) File: C:/Users/mhrs/Documents/Projeto-SD/Segundo_Projeto_SD/Proj_quartus/debouncer.v Line: 16
Info (278001): Inferred 9 megafunctions from design logic
    Info (278004): Inferred divider/modulo megafunction ("lpm_divide") from the following logic: "lcd_controller:LCD_DRIVER|Div0" File: C:/Users/mhrs/Documents/Projeto-SD/Segundo_Projeto_SD/Proj_quartus/lcd_controller.v Line: 83
    Info (278004): Inferred divider/modulo megafunction ("lpm_divide") from the following logic: "lcd_controller:LCD_DRIVER|Div2" File: C:/Users/mhrs/Documents/Projeto-SD/Segundo_Projeto_SD/Proj_quartus/lcd_controller.v Line: 85
    Info (278004): Inferred divider/modulo megafunction ("lpm_divide") from the following logic: "lcd_controller:LCD_DRIVER|Mod1" File: C:/Users/mhrs/Documents/Projeto-SD/Segundo_Projeto_SD/Proj_quartus/lcd_controller.v Line: 85
    Info (278004): Inferred divider/modulo megafunction ("lpm_divide") from the following logic: "lcd_controller:LCD_DRIVER|Div3" File: C:/Users/mhrs/Documents/Projeto-SD/Segundo_Projeto_SD/Proj_quartus/lcd_controller.v Line: 86
    Info (278004): Inferred divider/modulo megafunction ("lpm_divide") from the following logic: "lcd_controller:LCD_DRIVER|Mod2" File: C:/Users/mhrs/Documents/Projeto-SD/Segundo_Projeto_SD/Proj_quartus/lcd_controller.v Line: 86
    Info (278004): Inferred divider/modulo megafunction ("lpm_divide") from the following logic: "lcd_controller:LCD_DRIVER|Div1" File: C:/Users/mhrs/Documents/Projeto-SD/Segundo_Projeto_SD/Proj_quartus/lcd_controller.v Line: 84
    Info (278004): Inferred divider/modulo megafunction ("lpm_divide") from the following logic: "lcd_controller:LCD_DRIVER|Mod0" File: C:/Users/mhrs/Documents/Projeto-SD/Segundo_Projeto_SD/Proj_quartus/lcd_controller.v Line: 84
    Info (278004): Inferred divider/modulo megafunction ("lpm_divide") from the following logic: "lcd_controller:LCD_DRIVER|Mod3" File: C:/Users/mhrs/Documents/Projeto-SD/Segundo_Projeto_SD/Proj_quartus/lcd_controller.v Line: 87
    Info (278003): Inferred multiplier megafunction ("lpm_mult") from the following logic: "module_alu:ULA|Mult0" File: C:/Users/mhrs/Documents/Projeto-SD/Segundo_Projeto_SD/Proj_quartus/module_alu.v Line: 46
Info (12130): Elaborated megafunction instantiation "lcd_controller:LCD_DRIVER|lpm_divide:Div0" File: C:/Users/mhrs/Documents/Projeto-SD/Segundo_Projeto_SD/Proj_quartus/lcd_controller.v Line: 83
Info (12133): Instantiated megafunction "lcd_controller:LCD_DRIVER|lpm_divide:Div0" with the following parameter: File: C:/Users/mhrs/Documents/Projeto-SD/Segundo_Projeto_SD/Proj_quartus/lcd_controller.v Line: 83
    Info (12134): Parameter "LPM_WIDTHN" = "16"
    Info (12134): Parameter "LPM_WIDTHD" = "14"
    Info (12134): Parameter "LPM_NREPRESENTATION" = "UNSIGNED"
    Info (12134): Parameter "LPM_DREPRESENTATION" = "UNSIGNED"
Info (12021): Found 1 design units, including 1 entities, in source file db/lpm_divide_jkm.tdf
    Info (12023): Found entity 1: lpm_divide_jkm File: C:/Users/mhrs/Documents/Projeto-SD/Segundo_Projeto_SD/Proj_quartus/db/lpm_divide_jkm.tdf Line: 25
Info (12021): Found 1 design units, including 1 entities, in source file db/sign_div_unsign_bnh.tdf
    Info (12023): Found entity 1: sign_div_unsign_bnh File: C:/Users/mhrs/Documents/Projeto-SD/Segundo_Projeto_SD/Proj_quartus/db/sign_div_unsign_bnh.tdf Line: 25
Info (12021): Found 1 design units, including 1 entities, in source file db/alt_u_div_aaf.tdf
    Info (12023): Found entity 1: alt_u_div_aaf File: C:/Users/mhrs/Documents/Projeto-SD/Segundo_Projeto_SD/Proj_quartus/db/alt_u_div_aaf.tdf Line: 27
Info (12021): Found 1 design units, including 1 entities, in source file db/add_sub_7pc.tdf
    Info (12023): Found entity 1: add_sub_7pc File: C:/Users/mhrs/Documents/Projeto-SD/Segundo_Projeto_SD/Proj_quartus/db/add_sub_7pc.tdf Line: 23
Info (12021): Found 1 design units, including 1 entities, in source file db/add_sub_8pc.tdf
    Info (12023): Found entity 1: add_sub_8pc File: C:/Users/mhrs/Documents/Projeto-SD/Segundo_Projeto_SD/Proj_quartus/db/add_sub_8pc.tdf Line: 23
Info (12130): Elaborated megafunction instantiation "lcd_controller:LCD_DRIVER|lpm_divide:Div2" File: C:/Users/mhrs/Documents/Projeto-SD/Segundo_Projeto_SD/Proj_quartus/lcd_controller.v Line: 85
Info (12133): Instantiated megafunction "lcd_controller:LCD_DRIVER|lpm_divide:Div2" with the following parameter: File: C:/Users/mhrs/Documents/Projeto-SD/Segundo_Projeto_SD/Proj_quartus/lcd_controller.v Line: 85
    Info (12134): Parameter "LPM_WIDTHN" = "16"
    Info (12134): Parameter "LPM_WIDTHD" = "7"
    Info (12134): Parameter "LPM_NREPRESENTATION" = "UNSIGNED"
    Info (12134): Parameter "LPM_DREPRESENTATION" = "UNSIGNED"
Info (12021): Found 1 design units, including 1 entities, in source file db/lpm_divide_5jm.tdf
    Info (12023): Found entity 1: lpm_divide_5jm File: C:/Users/mhrs/Documents/Projeto-SD/Segundo_Projeto_SD/Proj_quartus/db/lpm_divide_5jm.tdf Line: 25
Info (12021): Found 1 design units, including 1 entities, in source file db/sign_div_unsign_tlh.tdf
    Info (12023): Found entity 1: sign_div_unsign_tlh File: C:/Users/mhrs/Documents/Projeto-SD/Segundo_Projeto_SD/Proj_quartus/db/sign_div_unsign_tlh.tdf Line: 25
Info (12021): Found 1 design units, including 1 entities, in source file db/alt_u_div_e7f.tdf
    Info (12023): Found entity 1: alt_u_div_e7f File: C:/Users/mhrs/Documents/Projeto-SD/Segundo_Projeto_SD/Proj_quartus/db/alt_u_div_e7f.tdf Line: 27
Info (12130): Elaborated megafunction instantiation "lcd_controller:LCD_DRIVER|lpm_divide:Mod1" File: C:/Users/mhrs/Documents/Projeto-SD/Segundo_Projeto_SD/Proj_quartus/lcd_controller.v Line: 85
Info (12133): Instantiated megafunction "lcd_controller:LCD_DRIVER|lpm_divide:Mod1" with the following parameter: File: C:/Users/mhrs/Documents/Projeto-SD/Segundo_Projeto_SD/Proj_quartus/lcd_controller.v Line: 85
    Info (12134): Parameter "LPM_WIDTHN" = "16"
    Info (12134): Parameter "LPM_WIDTHD" = "4"
    Info (12134): Parameter "LPM_NREPRESENTATION" = "UNSIGNED"
    Info (12134): Parameter "LPM_DREPRESENTATION" = "UNSIGNED"
Info (12021): Found 1 design units, including 1 entities, in source file db/lpm_divide_5bm.tdf
    Info (12023): Found entity 1: lpm_divide_5bm File: C:/Users/mhrs/Documents/Projeto-SD/Segundo_Projeto_SD/Proj_quartus/db/lpm_divide_5bm.tdf Line: 25
Info (12021): Found 1 design units, including 1 entities, in source file db/sign_div_unsign_qlh.tdf
    Info (12023): Found entity 1: sign_div_unsign_qlh File: C:/Users/mhrs/Documents/Projeto-SD/Segundo_Projeto_SD/Proj_quartus/db/sign_div_unsign_qlh.tdf Line: 25
Info (12021): Found 1 design units, including 1 entities, in source file db/alt_u_div_87f.tdf
    Info (12023): Found entity 1: alt_u_div_87f File: C:/Users/mhrs/Documents/Projeto-SD/Segundo_Projeto_SD/Proj_quartus/db/alt_u_div_87f.tdf Line: 27
Info (12130): Elaborated megafunction instantiation "lcd_controller:LCD_DRIVER|lpm_divide:Div3" File: C:/Users/mhrs/Documents/Projeto-SD/Segundo_Projeto_SD/Proj_quartus/lcd_controller.v Line: 86
Info (12133): Instantiated megafunction "lcd_controller:LCD_DRIVER|lpm_divide:Div3" with the following parameter: File: C:/Users/mhrs/Documents/Projeto-SD/Segundo_Projeto_SD/Proj_quartus/lcd_controller.v Line: 86
    Info (12134): Parameter "LPM_WIDTHN" = "16"
    Info (12134): Parameter "LPM_WIDTHD" = "4"
    Info (12134): Parameter "LPM_NREPRESENTATION" = "UNSIGNED"
    Info (12134): Parameter "LPM_DREPRESENTATION" = "UNSIGNED"
Info (12021): Found 1 design units, including 1 entities, in source file db/lpm_divide_2jm.tdf
    Info (12023): Found entity 1: lpm_divide_2jm File: C:/Users/mhrs/Documents/Projeto-SD/Segundo_Projeto_SD/Proj_quartus/db/lpm_divide_2jm.tdf Line: 25
Info (12130): Elaborated megafunction instantiation "lcd_controller:LCD_DRIVER|lpm_divide:Div1" File: C:/Users/mhrs/Documents/Projeto-SD/Segundo_Projeto_SD/Proj_quartus/lcd_controller.v Line: 84
Info (12133): Instantiated megafunction "lcd_controller:LCD_DRIVER|lpm_divide:Div1" with the following parameter: File: C:/Users/mhrs/Documents/Projeto-SD/Segundo_Projeto_SD/Proj_quartus/lcd_controller.v Line: 84
    Info (12134): Parameter "LPM_WIDTHN" = "16"
    Info (12134): Parameter "LPM_WIDTHD" = "10"
    Info (12134): Parameter "LPM_NREPRESENTATION" = "UNSIGNED"
    Info (12134): Parameter "LPM_DREPRESENTATION" = "UNSIGNED"
Info (12021): Found 1 design units, including 1 entities, in source file db/lpm_divide_fkm.tdf
    Info (12023): Found entity 1: lpm_divide_fkm File: C:/Users/mhrs/Documents/Projeto-SD/Segundo_Projeto_SD/Proj_quartus/db/lpm_divide_fkm.tdf Line: 25
Info (12021): Found 1 design units, including 1 entities, in source file db/sign_div_unsign_7nh.tdf
    Info (12023): Found entity 1: sign_div_unsign_7nh File: C:/Users/mhrs/Documents/Projeto-SD/Segundo_Projeto_SD/Proj_quartus/db/sign_div_unsign_7nh.tdf Line: 25
Info (12021): Found 1 design units, including 1 entities, in source file db/alt_u_div_2af.tdf
    Info (12023): Found entity 1: alt_u_div_2af File: C:/Users/mhrs/Documents/Projeto-SD/Segundo_Projeto_SD/Proj_quartus/db/alt_u_div_2af.tdf Line: 27
Info (12130): Elaborated megafunction instantiation "module_alu:ULA|lpm_mult:Mult0" File: C:/Users/mhrs/Documents/Projeto-SD/Segundo_Projeto_SD/Proj_quartus/module_alu.v Line: 46
Info (12133): Instantiated megafunction "module_alu:ULA|lpm_mult:Mult0" with the following parameter: File: C:/Users/mhrs/Documents/Projeto-SD/Segundo_Projeto_SD/Proj_quartus/module_alu.v Line: 46
    Info (12134): Parameter "LPM_WIDTHA" = "16"
    Info (12134): Parameter "LPM_WIDTHB" = "16"
    Info (12134): Parameter "LPM_WIDTHP" = "32"
    Info (12134): Parameter "LPM_WIDTHR" = "32"
    Info (12134): Parameter "LPM_WIDTHS" = "1"
    Info (12134): Parameter "LPM_REPRESENTATION" = "UNSIGNED"
    Info (12134): Parameter "INPUT_A_IS_CONSTANT" = "NO"
    Info (12134): Parameter "INPUT_B_IS_CONSTANT" = "NO"
    Info (12134): Parameter "MAXIMIZE_SPEED" = "6"
Info (12021): Found 1 design units, including 1 entities, in source file db/mult_7dt.tdf
    Info (12023): Found entity 1: mult_7dt File: C:/Users/mhrs/Documents/Projeto-SD/Segundo_Projeto_SD/Proj_quartus/db/mult_7dt.tdf Line: 29
Info (13000): Registers with preset signals will power-up high File: C:/Users/mhrs/Documents/Projeto-SD/Segundo_Projeto_SD/Proj_quartus/module_mini_cpu.v Line: 213
Info (13003): DEV_CLRn pin will set, and not reset, register with preset signal due to NOT Gate Push-Back
Warning (13024): Output pins are stuck at VCC or GND
    Warning (13410): Pin "lcd_rw" is stuck at GND File: C:/Users/mhrs/Documents/Projeto-SD/Segundo_Projeto_SD/Proj_quartus/module_mini_cpu.v Line: 8
Info (286030): Timing-Driven Synthesis is running
Info (17049): 7 registers lost all their fanouts during netlist optimizations.
Info (17016): Found the following redundant logic cells in design
    Info (17048): Logic cell "lcd_controller:LCD_DRIVER|lpm_divide:Mod1|lpm_divide_5bm:auto_generated|sign_div_unsign_qlh:divider|alt_u_div_87f:divider|add_sub_15_result_int[0]~0" File: C:/Users/mhrs/Documents/Projeto-SD/Segundo_Projeto_SD/Proj_quartus/db/alt_u_div_87f.tdf Line: 62
    Info (17048): Logic cell "lcd_controller:LCD_DRIVER|lpm_divide:Mod1|lpm_divide_5bm:auto_generated|sign_div_unsign_qlh:divider|alt_u_div_87f:divider|add_sub_9_result_int[0]~10" File: C:/Users/mhrs/Documents/Projeto-SD/Segundo_Projeto_SD/Proj_quartus/db/alt_u_div_87f.tdf Line: 102
    Info (17048): Logic cell "lcd_controller:LCD_DRIVER|lpm_divide:Mod1|lpm_divide_5bm:auto_generated|sign_div_unsign_qlh:divider|alt_u_div_87f:divider|add_sub_10_result_int[0]~10" File: C:/Users/mhrs/Documents/Projeto-SD/Segundo_Projeto_SD/Proj_quartus/db/alt_u_div_87f.tdf Line: 37
    Info (17048): Logic cell "lcd_controller:LCD_DRIVER|lpm_divide:Mod1|lpm_divide_5bm:auto_generated|sign_div_unsign_qlh:divider|alt_u_div_87f:divider|add_sub_11_result_int[0]~10" File: C:/Users/mhrs/Documents/Projeto-SD/Segundo_Projeto_SD/Proj_quartus/db/alt_u_div_87f.tdf Line: 42
    Info (17048): Logic cell "lcd_controller:LCD_DRIVER|lpm_divide:Mod1|lpm_divide_5bm:auto_generated|sign_div_unsign_qlh:divider|alt_u_div_87f:divider|add_sub_12_result_int[0]~10" File: C:/Users/mhrs/Documents/Projeto-SD/Segundo_Projeto_SD/Proj_quartus/db/alt_u_div_87f.tdf Line: 47
    Info (17048): Logic cell "lcd_controller:LCD_DRIVER|lpm_divide:Mod1|lpm_divide_5bm:auto_generated|sign_div_unsign_qlh:divider|alt_u_div_87f:divider|add_sub_13_result_int[0]~10" File: C:/Users/mhrs/Documents/Projeto-SD/Segundo_Projeto_SD/Proj_quartus/db/alt_u_div_87f.tdf Line: 52
    Info (17048): Logic cell "lcd_controller:LCD_DRIVER|lpm_divide:Mod1|lpm_divide_5bm:auto_generated|sign_div_unsign_qlh:divider|alt_u_div_87f:divider|add_sub_14_result_int[0]~10" File: C:/Users/mhrs/Documents/Projeto-SD/Segundo_Projeto_SD/Proj_quartus/db/alt_u_div_87f.tdf Line: 57
    Info (17048): Logic cell "lcd_controller:LCD_DRIVER|lpm_divide:Mod2|lpm_divide_5bm:auto_generated|sign_div_unsign_qlh:divider|alt_u_div_87f:divider|add_sub_15_result_int[0]~0" File: C:/Users/mhrs/Documents/Projeto-SD/Segundo_Projeto_SD/Proj_quartus/db/alt_u_div_87f.tdf Line: 62
    Info (17048): Logic cell "lcd_controller:LCD_DRIVER|lpm_divide:Mod2|lpm_divide_5bm:auto_generated|sign_div_unsign_qlh:divider|alt_u_div_87f:divider|add_sub_6_result_int[0]~10" File: C:/Users/mhrs/Documents/Projeto-SD/Segundo_Projeto_SD/Proj_quartus/db/alt_u_div_87f.tdf Line: 87
    Info (17048): Logic cell "lcd_controller:LCD_DRIVER|lpm_divide:Mod2|lpm_divide_5bm:auto_generated|sign_div_unsign_qlh:divider|alt_u_div_87f:divider|add_sub_7_result_int[0]~10" File: C:/Users/mhrs/Documents/Projeto-SD/Segundo_Projeto_SD/Proj_quartus/db/alt_u_div_87f.tdf Line: 92
    Info (17048): Logic cell "lcd_controller:LCD_DRIVER|lpm_divide:Mod2|lpm_divide_5bm:auto_generated|sign_div_unsign_qlh:divider|alt_u_div_87f:divider|add_sub_8_result_int[0]~10" File: C:/Users/mhrs/Documents/Projeto-SD/Segundo_Projeto_SD/Proj_quartus/db/alt_u_div_87f.tdf Line: 97
    Info (17048): Logic cell "lcd_controller:LCD_DRIVER|lpm_divide:Mod2|lpm_divide_5bm:auto_generated|sign_div_unsign_qlh:divider|alt_u_div_87f:divider|add_sub_9_result_int[0]~10" File: C:/Users/mhrs/Documents/Projeto-SD/Segundo_Projeto_SD/Proj_quartus/db/alt_u_div_87f.tdf Line: 102
    Info (17048): Logic cell "lcd_controller:LCD_DRIVER|lpm_divide:Mod2|lpm_divide_5bm:auto_generated|sign_div_unsign_qlh:divider|alt_u_div_87f:divider|add_sub_10_result_int[0]~10" File: C:/Users/mhrs/Documents/Projeto-SD/Segundo_Projeto_SD/Proj_quartus/db/alt_u_div_87f.tdf Line: 37
    Info (17048): Logic cell "lcd_controller:LCD_DRIVER|lpm_divide:Mod2|lpm_divide_5bm:auto_generated|sign_div_unsign_qlh:divider|alt_u_div_87f:divider|add_sub_11_result_int[0]~10" File: C:/Users/mhrs/Documents/Projeto-SD/Segundo_Projeto_SD/Proj_quartus/db/alt_u_div_87f.tdf Line: 42
    Info (17048): Logic cell "lcd_controller:LCD_DRIVER|lpm_divide:Mod2|lpm_divide_5bm:auto_generated|sign_div_unsign_qlh:divider|alt_u_div_87f:divider|add_sub_12_result_int[0]~10" File: C:/Users/mhrs/Documents/Projeto-SD/Segundo_Projeto_SD/Proj_quartus/db/alt_u_div_87f.tdf Line: 47
    Info (17048): Logic cell "lcd_controller:LCD_DRIVER|lpm_divide:Mod2|lpm_divide_5bm:auto_generated|sign_div_unsign_qlh:divider|alt_u_div_87f:divider|add_sub_13_result_int[0]~10" File: C:/Users/mhrs/Documents/Projeto-SD/Segundo_Projeto_SD/Proj_quartus/db/alt_u_div_87f.tdf Line: 52
    Info (17048): Logic cell "lcd_controller:LCD_DRIVER|lpm_divide:Mod2|lpm_divide_5bm:auto_generated|sign_div_unsign_qlh:divider|alt_u_div_87f:divider|add_sub_14_result_int[0]~10" File: C:/Users/mhrs/Documents/Projeto-SD/Segundo_Projeto_SD/Proj_quartus/db/alt_u_div_87f.tdf Line: 57
    Info (17048): Logic cell "lcd_controller:LCD_DRIVER|lpm_divide:Mod0|lpm_divide_5bm:auto_generated|sign_div_unsign_qlh:divider|alt_u_div_87f:divider|add_sub_15_result_int[0]~0" File: C:/Users/mhrs/Documents/Projeto-SD/Segundo_Projeto_SD/Proj_quartus/db/alt_u_div_87f.tdf Line: 62
    Info (17048): Logic cell "lcd_controller:LCD_DRIVER|lpm_divide:Mod0|lpm_divide_5bm:auto_generated|sign_div_unsign_qlh:divider|alt_u_div_87f:divider|add_sub_12_result_int[0]~10" File: C:/Users/mhrs/Documents/Projeto-SD/Segundo_Projeto_SD/Proj_quartus/db/alt_u_div_87f.tdf Line: 47
    Info (17048): Logic cell "lcd_controller:LCD_DRIVER|lpm_divide:Mod0|lpm_divide_5bm:auto_generated|sign_div_unsign_qlh:divider|alt_u_div_87f:divider|add_sub_13_result_int[0]~10" File: C:/Users/mhrs/Documents/Projeto-SD/Segundo_Projeto_SD/Proj_quartus/db/alt_u_div_87f.tdf Line: 52
    Info (17048): Logic cell "lcd_controller:LCD_DRIVER|lpm_divide:Mod0|lpm_divide_5bm:auto_generated|sign_div_unsign_qlh:divider|alt_u_div_87f:divider|add_sub_14_result_int[0]~10" File: C:/Users/mhrs/Documents/Projeto-SD/Segundo_Projeto_SD/Proj_quartus/db/alt_u_div_87f.tdf Line: 57
Info (16010): Generating hard_block partition "hard_block:auto_generated_inst"
    Info (16011): Adding 0 node(s), including 0 DDIO, 0 PLL, 0 transceiver and 0 LCELL
Info (21057): Implemented 2090 device resources after synthesis - the final resource count might be different
    Info (21058): Implemented 22 input pins
    Info (21059): Implemented 28 output pins
    Info (21061): Implemented 2038 logic cells
    Info (21062): Implemented 2 DSP elements
Info: Quartus Prime Analysis & Synthesis was successful. 0 errors, 12 warnings
    Info: Peak virtual memory: 4904 megabytes
    Info: Processing ended: Tue Jun  9 16:19:26 2026
    Info: Elapsed time: 00:00:16
    Info: Total CPU time (on all processors): 00:00:27


